>4F2_HUMAN,269,269,,,269
204,205,202,W,L,G,W,L,G,M,L,A,G,A,V,V,I,I,V,R,A,P,R,C,R,E,L,P,A,Q,K,W,W,H,T,
204,205,203,W,L,G,W,L,G,M,L,A,G,A,V,V,I,I,V,R,A,P,R,C,R,E,L,P,A,Q,K,W,W,H,T,
204,205,204,W,L,G,W,L,G,M,L,A,G,A,V,V,I,I,V,R,A,P,R,C,R,E,L,P,A,Q,K,W,W,H,T,
204,205,205,W,L,G,W,L,G,M,L,A,G,A,V,V,I,I,V,R,A,P,R,C,R,E,L,P,A,Q,K,W,W,H,T,
204,205,302,W,L,G,W,L,G,M,L,A,G,A,V,V,I,I,V,R,A,P,R,C,R,E,L,P,A,Q,K,W,W,H,T,
204,205,303,W,L,G,W,L,G,M,L,A,G,A,V,V,I,I,V,R,A,P,R,C,R,E,L,P,A,Q,K,W,W,H,T,
204,205,304,W,L,G,W,L,G,M,L,A,G,A,V,V,I,I,V,R,A,P,R,C,R,E,L,P,A,Q,K,W,W,H,T,
204,205,305,W,L,G,W,L,G,M,L,A,G,A,V,V,I,I,V,R,A,P,R,C,R,E,L,P,A,Q,K,W,W,H,T,
204,205,402,W,L,G,W,L,G,M,L,A,G,A,V,V,I,I,V,R,A,P,R,C,R,E,L,P,A,Q,K,W,W,H,T,
204,205,403,W,L,G,W,L,G,M,L,A,G,A,V,V,I,I,V,R,A,P,R,C,R,E,L,P,A,Q,K,W,W,H,T,
204,205,404,W,L,G,W,L,G,M,L,A,G,A,V,V,I,I,V,R,A,P,R,C,R,E,L,P,A,Q,K,W,W,H,T,
204,205,405,W,L,G,W,L,G,M,L,A,G,A,V,V,I,I,V,R,A,P,R,C,R,E,L,P,A,Q,K,W,W,H,T,
206,207,502,G,W,L,G,M,L,A,G,A,V,V,I,I,V,R,A,P,R,C,R,E,L,P,A,Q,K,W,W,H,T,G,A,
204,205,503,W,L,G,W,L,G,M,L,A,G,A,V,V,I,I,V,R,A,P,R,C,R,E,L,P,A,Q,K,W,W,H,T,
204,205,504,W,L,G,W,L,G,M,L,A,G,A,V,V,I,I,V,R,A,P,R,C,R,E,L,P,A,Q,K,W,W,H,T,
204,205,505,W,L,G,W,L,G,M,L,A,G,A,V,V,I,I,V,R,A,P,R,C,R,E,L,P,A,Q,K,W,W,H,T,

>FUT3_HUMAN,269,0,1,0,269
36,37,202,F,Q,L,L,V,A,V,C,F,F,S,Y,L,R,V,S,R,D,D,A,T,G,S,P,R,A,P,S,G,S,S,R,
36,37,203,F,Q,L,L,V,A,V,C,F,F,S,Y,L,R,V,S,R,D,D,A,T,G,S,P,R,A,P,S,G,S,S,R,
36,37,204,F,Q,L,L,V,A,V,C,F,F,S,Y,L,R,V,S,R,D,D,A,T,G,S,P,R,A,P,S,G,S,S,R,
36,37,205,F,Q,L,L,V,A,V,C,F,F,S,Y,L,R,V,S,R,D,D,A,T,G,S,P,R,A,P,S,G,S,S,R,
35,36,302,L,F,Q,L,L,V,A,V,C,F,F,S,Y,L,R,V,S,R,D,D,A,T,G,S,P,R,A,P,S,G,S,S,
35,36,303,L,F,Q,L,L,V,A,V,C,F,F,S,Y,L,R,V,S,R,D,D,A,T,G,S,P,R,A,P,S,G,S,S,
35,36,304,L,F,Q,L,L,V,A,V,C,F,F,S,Y,L,R,V,S,R,D,D,A,T,G,S,P,R,A,P,S,G,S,S,
35,36,305,L,F,Q,L,L,V,A,V,C,F,F,S,Y,L,R,V,S,R,D,D,A,T,G,S,P,R,A,P,S,G,S,S,
36,37,402,F,Q,L,L,V,A,V,C,F,F,S,Y,L,R,V,S,R,D,D,A,T,G,S,P,R,A,P,S,G,S,S,R,
36,37,403,F,Q,L,L,V,A,V,C,F,F,S,Y,L,R,V,S,R,D,D,A,T,G,S,P,R,A,P,S,G,S,S,R,
35,36,404,L,F,Q,L,L,V,A,V,C,F,F,S,Y,L,R,V,S,R,D,D,A,T,G,S,P,R,A,P,S,G,S,S,
36,37,405,F,Q,L,L,V,A,V,C,F,F,S,Y,L,R,V,S,R,D,D,A,T,G,S,P,R,A,P,S,G,S,S,R,
36,37,502,F,Q,L,L,V,A,V,C,F,F,S,Y,L,R,V,S,R,D,D,A,T,G,S,P,R,A,P,S,G,S,S,R,
36,37,503,F,Q,L,L,V,A,V,C,F,F,S,Y,L,R,V,S,R,D,D,A,T,G,S,P,R,A,P,S,G,S,S,R,
35,36,504,L,F,Q,L,L,V,A,V,C,F,F,S,Y,L,R,V,S,R,D,D,A,T,G,S,P,R,A,P,S,G,S,S,
33,34,505,A,L,L,F,Q,L,L,V,A,V,C,F,F,S,Y,L,R,V,S,R,D,D,A,T,G,S,P,R,A,P,S,G,

>GGT5_MOUSE,269,0,0,0,269
29,30,202,G,V,G,L,G,L,V,I,V,V,L,A,A,V,L,S,P,R,Q,A,S,C,G,P,G,A,F,T,R,A,A,V,
28,29,203,L,G,V,G,L,G,L,V,I,V,V,L,A,A,V,L,S,P,R,Q,A,S,C,G,P,G,A,F,T,R,A,A,
28,29,204,L,G,V,G,L,G,L,V,I,V,V,L,A,A,V,L,S,P,R,Q,A,S,C,G,P,G,A,F,T,R,A,A,
28,29,205,L,G,V,G,L,G,L,V,I,V,V,L,A,A,V,L,S,P,R,Q,A,S,C,G,P,G,A,F,T,R,A,A,
29,30,302,G,V,G,L,G,L,V,I,V,V,L,A,A,V,L,S,P,R,Q,A,S,C,G,P,G,A,F,T,R,A,A,V,
29,30,303,G,V,G,L,G,L,V,I,V,V,L,A,A,V,L,S,P,R,Q,A,S,C,G,P,G,A,F,T,R,A,A,V,
28,29,304,L,G,V,G,L,G,L,V,I,V,V,L,A,A,V,L,S,P,R,Q,A,S,C,G,P,G,A,F,T,R,A,A,
28,29,305,L,G,V,G,L,G,L,V,I,V,V,L,A,A,V,L,S,P,R,Q,A,S,C,G,P,G,A,F,T,R,A,A,
29,30,402,G,V,G,L,G,L,V,I,V,V,L,A,A,V,L,S,P,R,Q,A,S,C,G,P,G,A,F,T,R,A,A,V,
29,30,403,G,V,G,L,G,L,V,I,V,V,L,A,A,V,L,S,P,R,Q,A,S,C,G,P,G,A,F,T,R,A,A,V,
28,29,404,L,G,V,G,L,G,L,V,I,V,V,L,A,A,V,L,S,P,R,Q,A,S,C,G,P,G,A,F,T,R,A,A,
28,29,405,L,G,V,G,L,G,L,V,I,V,V,L,A,A,V,L,S,P,R,Q,A,S,C,G,P,G,A,F,T,R,A,A,
29,30,502,G,V,G,L,G,L,V,I,V,V,L,A,A,V,L,S,P,R,Q,A,S,C,G,P,G,A,F,T,R,A,A,V,
29,30,503,G,V,G,L,G,L,V,I,V,V,L,A,A,V,L,S,P,R,Q,A,S,C,G,P,G,A,F,T,R,A,A,V,
28,29,504,L,G,V,G,L,G,L,V,I,V,V,L,A,A,V,L,S,P,R,Q,A,S,C,G,P,G,A,F,T,R,A,A,
28,29,505,L,G,V,G,L,G,L,V,I,V,V,L,A,A,V,L,S,P,R,Q,A,S,C,G,P,G,A,F,T,R,A,A,

>PHEX_HUMAN,269,269,0,0,269
39,40,202,V,F,V,G,G,T,L,V,L,G,T,I,L,F,L,V,S,Q,G,L,L,S,L,Q,A,K,Q,E,Y,C,L,K,
39,40,203,V,F,V,G,G,T,L,V,L,G,T,I,L,F,L,V,S,Q,G,L,L,S,L,Q,A,K,Q,E,Y,C,L,K,
39,40,204,V,F,V,G,G,T,L,V,L,G,T,I,L,F,L,V,S,Q,G,L,L,S,L,Q,A,K,Q,E,Y,C,L,K,
46,47,205,V,L,G,T,I,L,F,L,V,S,Q,G,L,L,S,L,Q,A,K,Q,E,Y,C,L,K,P,E,C,I,E,A,A,
48,49,302,G,T,I,L,F,L,V,S,Q,G,L,L,S,L,Q,A,K,Q,E,Y,C,L,K,P,E,C,I,E,A,A,A,A,
48,49,303,G,T,I,L,F,L,V,S,Q,G,L,L,S,L,Q,A,K,Q,E,Y,C,L,K,P,E,C,I,E,A,A,A,A,
46,47,304,V,L,G,T,I,L,F,L,V,S,Q,G,L,L,S,L,Q,A,K,Q,E,Y,C,L,K,P,E,C,I,E,A,A,
46,47,305,V,L,G,T,I,L,F,L,V,S,Q,G,L,L,S,L,Q,A,K,Q,E,Y,C,L,K,P,E,C,I,E,A,A,
39,40,402,V,F,V,G,G,T,L,V,L,G,T,I,L,F,L,V,S,Q,G,L,L,S,L,Q,A,K,Q,E,Y,C,L,K,
39,40,403,V,F,V,G,G,T,L,V,L,G,T,I,L,F,L,V,S,Q,G,L,L,S,L,Q,A,K,Q,E,Y,C,L,K,
46,47,404,V,L,G,T,I,L,F,L,V,S,Q,G,L,L,S,L,Q,A,K,Q,E,Y,C,L,K,P,E,C,I,E,A,A,
46,47,405,V,L,G,T,I,L,F,L,V,S,Q,G,L,L,S,L,Q,A,K,Q,E,Y,C,L,K,P,E,C,I,E,A,A,
48,49,502,G,T,I,L,F,L,V,S,Q,G,L,L,S,L,Q,A,K,Q,E,Y,C,L,K,P,E,C,I,E,A,A,A,A,
48,49,503,G,T,I,L,F,L,V,S,Q,G,L,L,S,L,Q,A,K,Q,E,Y,C,L,K,P,E,C,I,E,A,A,A,A,
48,49,504,G,T,I,L,F,L,V,S,Q,G,L,L,S,L,Q,A,K,Q,E,Y,C,L,K,P,E,C,I,E,A,A,A,A,
46,47,505,V,L,G,T,I,L,F,L,V,S,Q,G,L,L,S,L,Q,A,K,Q,E,Y,C,L,K,P,E,C,I,E,A,A,

>PLD3_HUMAN,269,0,269,269,269
58,59,202,I,L,A,V,V,G,F,G,A,L,M,T,Q,L,F,L,W,E,Y,G,D,L,H,L,F,G,P,N,Q,R,P,A,
58,59,203,I,L,A,V,V,G,F,G,A,L,M,T,Q,L,F,L,W,E,Y,G,D,L,H,L,F,G,P,N,Q,R,P,A,
58,59,204,I,L,A,V,V,G,F,G,A,L,M,T,Q,L,F,L,W,E,Y,G,D,L,H,L,F,G,P,N,Q,R,P,A,
58,59,205,I,L,A,V,V,G,F,G,A,L,M,T,Q,L,F,L,W,E,Y,G,D,L,H,L,F,G,P,N,Q,R,P,A,
58,59,302,I,L,A,V,V,G,F,G,A,L,M,T,Q,L,F,L,W,E,Y,G,D,L,H,L,F,G,P,N,Q,R,P,A,
58,59,303,I,L,A,V,V,G,F,G,A,L,M,T,Q,L,F,L,W,E,Y,G,D,L,H,L,F,G,P,N,Q,R,P,A,
58,59,304,I,L,A,V,V,G,F,G,A,L,M,T,Q,L,F,L,W,E,Y,G,D,L,H,L,F,G,P,N,Q,R,P,A,
58,59,305,I,L,A,V,V,G,F,G,A,L,M,T,Q,L,F,L,W,E,Y,G,D,L,H,L,F,G,P,N,Q,R,P,A,
59,60,402,L,A,V,V,G,F,G,A,L,M,T,Q,L,F,L,W,E,Y,G,D,L,H,L,F,G,P,N,Q,R,P,A,P,
59,60,403,L,A,V,V,G,F,G,A,L,M,T,Q,L,F,L,W,E,Y,G,D,L,H,L,F,G,P,N,Q,R,P,A,P,
59,60,404,L,A,V,V,G,F,G,A,L,M,T,Q,L,F,L,W,E,Y,G,D,L,H,L,F,G,P,N,Q,R,P,A,P,
58,59,405,I,L,A,V,V,G,F,G,A,L,M,T,Q,L,F,L,W,E,Y,G,D,L,H,L,F,G,P,N,Q,R,P,A,
58,59,502,I,L,A,V,V,G,F,G,A,L,M,T,Q,L,F,L,W,E,Y,G,D,L,H,L,F,G,P,N,Q,R,P,A,
58,59,503,I,L,A,V,V,G,F,G,A,L,M,T,Q,L,F,L,W,E,Y,G,D,L,H,L,F,G,P,N,Q,R,P,A,
59,60,504,L,A,V,V,G,F,G,A,L,M,T,Q,L,F,L,W,E,Y,G,D,L,H,L,F,G,P,N,Q,R,P,A,P,
58,59,505,I,L,A,V,V,G,F,G,A,L,M,T,Q,L,F,L,W,E,Y,G,D,L,H,L,F,G,P,N,Q,R,P,A,

>PLS1_HUMAN,269,269,0,0,269
304,305,202,K,A,V,M,I,G,A,C,F,L,I,D,F,M,F,F,E,S,T,G,S,Q,E,Q,K,S,G,V,W,X,X,X,
304,305,203,K,A,V,M,I,G,A,C,F,L,I,D,F,M,F,F,E,S,T,G,S,Q,E,Q,K,S,G,V,W,X,X,X,
304,305,204,K,A,V,M,I,G,A,C,F,L,I,D,F,M,F,F,E,S,T,G,S,Q,E,Q,K,S,G,V,W,X,X,X,
304,305,205,K,A,V,M,I,G,A,C,F,L,I,D,F,M,F,F,E,S,T,G,S,Q,E,Q,K,S,G,V,W,X,X,X,
304,305,302,K,A,V,M,I,G,A,C,F,L,I,D,F,M,F,F,E,S,T,G,S,Q,E,Q,K,S,G,V,W,X,X,X,
304,305,303,K,A,V,M,I,G,A,C,F,L,I,D,F,M,F,F,E,S,T,G,S,Q,E,Q,K,S,G,V,W,X,X,X,
304,305,304,K,A,V,M,I,G,A,C,F,L,I,D,F,M,F,F,E,S,T,G,S,Q,E,Q,K,S,G,V,W,X,X,X,
304,305,305,K,A,V,M,I,G,A,C,F,L,I,D,F,M,F,F,E,S,T,G,S,Q,E,Q,K,S,G,V,W,X,X,X,
304,305,402,K,A,V,M,I,G,A,C,F,L,I,D,F,M,F,F,E,S,T,G,S,Q,E,Q,K,S,G,V,W,X,X,X,
304,305,403,K,A,V,M,I,G,A,C,F,L,I,D,F,M,F,F,E,S,T,G,S,Q,E,Q,K,S,G,V,W,X,X,X,
304,305,404,K,A,V,M,I,G,A,C,F,L,I,D,F,M,F,F,E,S,T,G,S,Q,E,Q,K,S,G,V,W,X,X,X,
304,305,405,K,A,V,M,I,G,A,C,F,L,I,D,F,M,F,F,E,S,T,G,S,Q,E,Q,K,S,G,V,W,X,X,X,
304,305,502,K,A,V,M,I,G,A,C,F,L,I,D,F,M,F,F,E,S,T,G,S,Q,E,Q,K,S,G,V,W,X,X,X,
310,311,503,A,C,F,L,I,D,F,M,F,F,E,S,T,G,S,Q,E,Q,K,S,G,V,W,X,X,X,X,X,X,X,X,X,
309,310,504,G,A,C,F,L,I,D,F,M,F,F,E,S,T,G,S,Q,E,Q,K,S,G,V,W,X,X,X,X,X,X,X,X,
308,309,505,I,G,A,C,F,L,I,D,F,M,F,F,E,S,T,G,S,Q,E,Q,K,S,G,V,W,X,X,X,X,X,X,X,

>RDH11_HUMAN,269,0,0,269,269
23,24,202,L,L,L,L,L,P,F,L,L,Y,M,A,A,P,Q,I,R,K,M,L,S,S,G,V,C,T,S,T,V,Q,L,P,
23,24,203,L,L,L,L,L,P,F,L,L,Y,M,A,A,P,Q,I,R,K,M,L,S,S,G,V,C,T,S,T,V,Q,L,P,
20,21,204,F,P,L,L,L,L,L,L,P,F,L,L,Y,M,A,A,P,Q,I,R,K,M,L,S,S,G,V,C,T,S,T,V,
20,21,205,F,P,L,L,L,L,L,L,P,F,L,L,Y,M,A,A,P,Q,I,R,K,M,L,S,S,G,V,C,T,S,T,V,
20,21,302,F,P,L,L,L,L,L,L,P,F,L,L,Y,M,A,A,P,Q,I,R,K,M,L,S,S,G,V,C,T,S,T,V,
23,24,303,L,L,L,L,L,P,F,L,L,Y,M,A,A,P,Q,I,R,K,M,L,S,S,G,V,C,T,S,T,V,Q,L,P,
20,21,304,F,P,L,L,L,L,L,L,P,F,L,L,Y,M,A,A,P,Q,I,R,K,M,L,S,S,G,V,C,T,S,T,V,
20,21,305,F,P,L,L,L,L,L,L,P,F,L,L,Y,M,A,A,P,Q,I,R,K,M,L,S,S,G,V,C,T,S,T,V,
23,24,402,L,L,L,L,L,P,F,L,L,Y,M,A,A,P,Q,I,R,K,M,L,S,S,G,V,C,T,S,T,V,Q,L,P,
23,24,403,L,L,L,L,L,P,F,L,L,Y,M,A,A,P,Q,I,R,K,M,L,S,S,G,V,C,T,S,T,V,Q,L,P,
21,22,404,P,L,L,L,L,L,L,P,F,L,L,Y,M,A,A,P,Q,I,R,K,M,L,S,S,G,V,C,T,S,T,V,Q,
20,21,405,F,P,L,L,L,L,L,L,P,F,L,L,Y,M,A,A,P,Q,I,R,K,M,L,S,S,G,V,C,T,S,T,V,
23,24,502,L,L,L,L,L,P,F,L,L,Y,M,A,A,P,Q,I,R,K,M,L,S,S,G,V,C,T,S,T,V,Q,L,P,
23,24,503,L,L,L,L,L,P,F,L,L,Y,M,A,A,P,Q,I,R,K,M,L,S,S,G,V,C,T,S,T,V,Q,L,P,
20,21,504,F,P,L,L,L,L,L,L,P,F,L,L,Y,M,A,A,P,Q,I,R,K,M,L,S,S,G,V,C,T,S,T,V,
20,21,505,F,P,L,L,L,L,L,L,P,F,L,L,Y,M,A,A,P,Q,I,R,K,M,L,S,S,G,V,C,T,S,T,V,

>RDH11_MOUSE,269,0,0,269,269
20,21,202,L,L,L,S,L,P,F,I,L,Y,L,V,T,P,K,I,R,K,M,L,S,S,G,V,C,T,S,N,V,Q,L,P,
16,17,203,F,G,F,L,L,L,L,S,L,P,F,I,L,Y,L,V,T,P,K,I,R,K,M,L,S,S,G,V,C,T,S,N,
16,17,204,F,G,F,L,L,L,L,S,L,P,F,I,L,Y,L,V,T,P,K,I,R,K,M,L,S,S,G,V,C,T,S,N,
16,17,205,F,G,F,L,L,L,L,S,L,P,F,I,L,Y,L,V,T,P,K,I,R,K,M,L,S,S,G,V,C,T,S,N,
17,18,302,G,F,L,L,L,L,S,L,P,F,I,L,Y,L,V,T,P,K,I,R,K,M,L,S,S,G,V,C,T,S,N,V,
16,17,303,F,G,F,L,L,L,L,S,L,P,F,I,L,Y,L,V,T,P,K,I,R,K,M,L,S,S,G,V,C,T,S,N,
17,18,304,G,F,L,L,L,L,S,L,P,F,I,L,Y,L,V,T,P,K,I,R,K,M,L,S,S,G,V,C,T,S,N,V,
17,18,305,G,F,L,L,L,L,S,L,P,F,I,L,Y,L,V,T,P,K,I,R,K,M,L,S,S,G,V,C,T,S,N,V,
17,18,402,G,F,L,L,L,L,S,L,P,F,I,L,Y,L,V,T,P,K,I,R,K,M,L,S,S,G,V,C,T,S,N,V,
16,17,403,F,G,F,L,L,L,L,S,L,P,F,I,L,Y,L,V,T,P,K,I,R,K,M,L,S,S,G,V,C,T,S,N,
18,19,404,F,L,L,L,L,S,L,P,F,I,L,Y,L,V,T,P,K,I,R,K,M,L,S,S,G,V,C,T,S,N,V,Q,
16,17,405,F,G,F,L,L,L,L,S,L,P,F,I,L,Y,L,V,T,P,K,I,R,K,M,L,S,S,G,V,C,T,S,N,
17,18,502,G,F,L,L,L,L,S,L,P,F,I,L,Y,L,V,T,P,K,I,R,K,M,L,S,S,G,V,C,T,S,N,V,
16,17,503,F,G,F,L,L,L,L,S,L,P,F,I,L,Y,L,V,T,P,K,I,R,K,M,L,S,S,G,V,C,T,S,N,
16,17,504,F,G,F,L,L,L,L,S,L,P,F,I,L,Y,L,V,T,P,K,I,R,K,M,L,S,S,G,V,C,T,S,N,
16,17,505,F,G,F,L,L,L,L,S,L,P,F,I,L,Y,L,V,T,P,K,I,R,K,M,L,S,S,G,V,C,T,S,N,

>EMC1_HUMAN,269,0,0,269,269
30,31,202,I,M,T,A,F,V,L,G,F,L,V,S,S,I,L,V,Y,D,Y,D,D,K,L,V,D,F,Q,K,S,P,Y,V,
30,31,203,I,M,T,A,F,V,L,G,F,L,V,S,S,I,L,V,Y,D,Y,D,D,K,L,V,D,F,Q,K,S,P,Y,V,
30,31,204,I,M,T,A,F,V,L,G,F,L,V,S,S,I,L,V,Y,D,Y,D,D,K,L,V,D,F,Q,K,S,P,Y,V,
30,31,205,I,M,T,A,F,V,L,G,F,L,V,S,S,I,L,V,Y,D,Y,D,D,K,L,V,D,F,Q,K,S,P,Y,V,
30,31,302,I,M,T,A,F,V,L,G,F,L,V,S,S,I,L,V,Y,D,Y,D,D,K,L,V,D,F,Q,K,S,P,Y,V,
30,31,303,I,M,T,A,F,V,L,G,F,L,V,S,S,I,L,V,Y,D,Y,D,D,K,L,V,D,F,Q,K,S,P,Y,V,
30,31,304,I,M,T,A,F,V,L,G,F,L,V,S,S,I,L,V,Y,D,Y,D,D,K,L,V,D,F,Q,K,S,P,Y,V,
30,31,305,I,M,T,A,F,V,L,G,F,L,V,S,S,I,L,V,Y,D,Y,D,D,K,L,V,D,F,Q,K,S,P,Y,V,
31,32,402,M,T,A,F,V,L,G,F,L,V,S,S,I,L,V,Y,D,Y,D,D,K,L,V,D,F,Q,K,S,P,Y,V,R,
31,32,403,M,T,A,F,V,L,G,F,L,V,S,S,I,L,V,Y,D,Y,D,D,K,L,V,D,F,Q,K,S,P,Y,V,R,
31,32,404,M,T,A,F,V,L,G,F,L,V,S,S,I,L,V,Y,D,Y,D,D,K,L,V,D,F,Q,K,S,P,Y,V,R,
31,32,405,M,T,A,F,V,L,G,F,L,V,S,S,I,L,V,Y,D,Y,D,D,K,L,V,D,F,Q,K,S,P,Y,V,R,
31,32,502,M,T,A,F,V,L,G,F,L,V,S,S,I,L,V,Y,D,Y,D,D,K,L,V,D,F,Q,K,S,P,Y,V,R,
31,32,503,M,T,A,F,V,L,G,F,L,V,S,S,I,L,V,Y,D,Y,D,D,K,L,V,D,F,Q,K,S,P,Y,V,R,
31,32,504,M,T,A,F,V,L,G,F,L,V,S,S,I,L,V,Y,D,Y,D,D,K,L,V,D,F,Q,K,S,P,Y,V,R,
31,32,505,M,T,A,F,V,L,G,F,L,V,S,S,I,L,V,Y,D,Y,D,D,K,L,V,D,F,Q,K,S,P,Y,V,R,

>NOTC1_HUMAN,305,250,0,0,269
816,817,202,V,G,C,G,V,F,F,L,L,V,F,A,A,A,A,V,Y,M,F,H,L,Q,A,P,P,P,P,E,V,T,E,S,
819,820,203,G,V,F,F,L,L,V,F,A,A,A,A,V,Y,M,F,H,L,Q,A,P,P,P,P,E,V,T,E,S,Q,V,A,
819,820,204,G,V,F,F,L,L,V,F,A,A,A,A,V,Y,M,F,H,L,Q,A,P,P,P,P,E,V,T,E,S,Q,V,A,
819,820,205,G,V,F,F,L,L,V,F,A,A,A,A,V,Y,M,F,H,L,Q,A,P,P,P,P,E,V,T,E,S,Q,V,A,
823,824,302,L,L,V,F,A,A,A,A,V,Y,M,F,H,L,Q,A,P,P,P,P,E,V,T,E,S,Q,V,A,E,I,K,Y,
823,824,303,L,L,V,F,A,A,A,A,V,Y,M,F,H,L,Q,A,P,P,P,P,E,V,T,E,S,Q,V,A,E,I,K,Y,
823,824,304,L,L,V,F,A,A,A,A,V,Y,M,F,H,L,Q,A,P,P,P,P,E,V,T,E,S,Q,V,A,E,I,K,Y,
823,824,305,L,L,V,F,A,A,A,A,V,Y,M,F,H,L,Q,A,P,P,P,P,E,V,T,E,S,Q,V,A,E,I,K,Y,
821,822,402,F,F,L,L,V,F,A,A,A,A,V,Y,M,F,H,L,Q,A,P,P,P,P,E,V,T,E,S,Q,V,A,E,I,
821,822,403,F,F,L,L,V,F,A,A,A,A,V,Y,M,F,H,L,Q,A,P,P,P,P,E,V,T,E,S,Q,V,A,E,I,
821,822,404,F,F,L,L,V,F,A,A,A,A,V,Y,M,F,H,L,Q,A,P,P,P,P,E,V,T,E,S,Q,V,A,E,I,
821,822,405,F,F,L,L,V,F,A,A,A,A,V,Y,M,F,H,L,Q,A,P,P,P,P,E,V,T,E,S,Q,V,A,E,I,
823,824,502,L,L,V,F,A,A,A,A,V,Y,M,F,H,L,Q,A,P,P,P,P,E,V,T,E,S,Q,V,A,E,I,K,Y,
823,824,503,L,L,V,F,A,A,A,A,V,Y,M,F,H,L,Q,A,P,P,P,P,E,V,T,E,S,Q,V,A,E,I,K,Y,
823,824,504,L,L,V,F,A,A,A,A,V,Y,M,F,H,L,Q,A,P,P,P,P,E,V,T,E,S,Q,V,A,E,I,K,Y,
823,824,505,L,L,V,F,A,A,A,A,V,Y,M,F,H,L,Q,A,P,P,P,P,E,V,T,E,S,Q,V,A,E,I,K,Y,

>NPTN_HUMAN,250,250,0,0,269
61,62,202,I,I,I,E,A,L,I,G,L,F,P,W,L,P,A,L,H,S,R,V,R,L,V,T,V,V,S,A,S,G,I,A,
61,62,203,I,I,I,E,A,L,I,G,L,F,P,W,L,P,A,L,H,S,R,V,R,L,V,T,V,V,S,A,S,G,I,A,
61,62,204,I,I,I,E,A,L,I,G,L,F,P,W,L,P,A,L,H,S,R,V,R,L,V,T,V,V,S,A,S,G,I,A,
61,62,205,I,I,I,E,A,L,I,G,L,F,P,W,L,P,A,L,H,S,R,V,R,L,V,T,V,V,S,A,S,G,I,A,
48,49,302,R,K,R,K,E,Y,V,V,I,I,V,V,L,I,I,I,E,A,L,I,G,L,F,P,W,L,P,A,L,H,S,R,
61,62,303,I,I,I,E,A,L,I,G,L,F,P,W,L,P,A,L,H,S,R,V,R,L,V,T,V,V,S,A,S,G,I,A,
61,62,304,I,I,I,E,A,L,I,G,L,F,P,W,L,P,A,L,H,S,R,V,R,L,V,T,V,V,S,A,S,G,I,A,
61,62,305,I,I,I,E,A,L,I,G,L,F,P,W,L,P,A,L,H,S,R,V,R,L,V,T,V,V,S,A,S,G,I,A,
61,62,402,I,I,I,E,A,L,I,G,L,F,P,W,L,P,A,L,H,S,R,V,R,L,V,T,V,V,S,A,S,G,I,A,
61,62,403,I,I,I,E,A,L,I,G,L,F,P,W,L,P,A,L,H,S,R,V,R,L,V,T,V,V,S,A,S,G,I,A,
61,62,404,I,I,I,E,A,L,I,G,L,F,P,W,L,P,A,L,H,S,R,V,R,L,V,T,V,V,S,A,S,G,I,A,
61,62,405,I,I,I,E,A,L,I,G,L,F,P,W,L,P,A,L,H,S,R,V,R,L,V,T,V,V,S,A,S,G,I,A,
61,62,502,I,I,I,E,A,L,I,G,L,F,P,W,L,P,A,L,H,S,R,V,R,L,V,T,V,V,S,A,S,G,I,A,
61,62,503,I,I,I,E,A,L,I,G,L,F,P,W,L,P,A,L,H,S,R,V,R,L,V,T,V,V,S,A,S,G,I,A,
61,62,504,I,I,I,E,A,L,I,G,L,F,P,W,L,P,A,L,H,S,R,V,R,L,V,T,V,V,S,A,S,G,I,A,
61,62,505,I,I,I,E,A,L,I,G,L,F,P,W,L,P,A,L,H,S,R,V,R,L,V,T,V,V,S,A,S,G,I,A,

>RPN1_CANLF,269,0,0,1,269
174,175,202,I,Y,F,A,A,V,V,L,L,P,E,Q,L,M,L,V,K,N,F,T,Y,H,V,V,I,D,Q,I,H,Q,E,V,
167,168,203,I,I,V,T,F,F,L,I,Y,F,A,A,V,V,L,L,P,E,Q,L,M,L,V,K,N,F,T,Y,H,V,V,I,
174,175,204,I,Y,F,A,A,V,V,L,L,P,E,Q,L,M,L,V,K,N,F,T,Y,H,V,V,I,D,Q,I,H,Q,E,V,
174,175,205,I,Y,F,A,A,V,V,L,L,P,E,Q,L,M,L,V,K,N,F,T,Y,H,V,V,I,D,Q,I,H,Q,E,V,
174,175,302,I,Y,F,A,A,V,V,L,L,P,E,Q,L,M,L,V,K,N,F,T,Y,H,V,V,I,D,Q,I,H,Q,E,V,
167,168,303,I,I,V,T,F,F,L,I,Y,F,A,A,V,V,L,L,P,E,Q,L,M,L,V,K,N,F,T,Y,H,V,V,I,
167,168,304,I,I,V,T,F,F,L,I,Y,F,A,A,V,V,L,L,P,E,Q,L,M,L,V,K,N,F,T,Y,H,V,V,I,
174,175,305,I,Y,F,A,A,V,V,L,L,P,E,Q,L,M,L,V,K,N,F,T,Y,H,V,V,I,D,Q,I,H,Q,E,V,
174,175,402,I,Y,F,A,A,V,V,L,L,P,E,Q,L,M,L,V,K,N,F,T,Y,H,V,V,I,D,Q,I,H,Q,E,V,
167,168,403,I,I,V,T,F,F,L,I,Y,F,A,A,V,V,L,L,P,E,Q,L,M,L,V,K,N,F,T,Y,H,V,V,I,
167,168,404,I,I,V,T,F,F,L,I,Y,F,A,A,V,V,L,L,P,E,Q,L,M,L,V,K,N,F,T,Y,H,V,V,I,
174,175,405,I,Y,F,A,A,V,V,L,L,P,E,Q,L,M,L,V,K,N,F,T,Y,H,V,V,I,D,Q,I,H,Q,E,V,
167,168,502,I,I,V,T,F,F,L,I,Y,F,A,A,V,V,L,L,P,E,Q,L,M,L,V,K,N,F,T,Y,H,V,V,I,
167,168,503,I,I,V,T,F,F,L,I,Y,F,A,A,V,V,L,L,P,E,Q,L,M,L,V,K,N,F,T,Y,H,V,V,I,
167,168,504,I,I,V,T,F,F,L,I,Y,F,A,A,V,V,L,L,P,E,Q,L,M,L,V,K,N,F,T,Y,H,V,V,I,
167,168,505,I,I,V,T,F,F,L,I,Y,F,A,A,V,V,L,L,P,E,Q,L,M,L,V,K,N,F,T,Y,H,V,V,I,

>SCN1B_HUMAN,269,269,0,0,269
61,62,202,I,T,L,V,V,I,L,V,Y,M,M,I,E,S,V,I,S,A,M,D,R,N,A,K,D,V,V,E,I,H,I,K,
64,65,203,V,V,I,L,V,Y,M,M,I,E,S,V,I,S,A,M,D,R,N,A,K,D,V,V,E,I,H,I,K,K,V,V,
64,65,204,V,V,I,L,V,Y,M,M,I,E,S,V,I,S,A,M,D,R,N,A,K,D,V,V,E,I,H,I,K,K,V,V,
61,62,205,I,T,L,V,V,I,L,V,Y,M,M,I,E,S,V,I,S,A,M,D,R,N,A,K,D,V,V,E,I,H,I,K,
64,65,302,V,V,I,L,V,Y,M,M,I,E,S,V,I,S,A,M,D,R,N,A,K,D,V,V,E,I,H,I,K,K,V,V,
64,65,303,V,V,I,L,V,Y,M,M,I,E,S,V,I,S,A,M,D,R,N,A,K,D,V,V,E,I,H,I,K,K,V,V,
63,64,304,L,V,V,I,L,V,Y,M,M,I,E,S,V,I,S,A,M,D,R,N,A,K,D,V,V,E,I,H,I,K,K,V,
64,65,305,V,V,I,L,V,Y,M,M,I,E,S,V,I,S,A,M,D,R,N,A,K,D,V,V,E,I,H,I,K,K,V,V,
64,65,402,V,V,I,L,V,Y,M,M,I,E,S,V,I,S,A,M,D,R,N,A,K,D,V,V,E,I,H,I,K,K,V,V,
64,65,403,V,V,I,L,V,Y,M,M,I,E,S,V,I,S,A,M,D,R,N,A,K,D,V,V,E,I,H,I,K,K,V,V,
64,65,404,V,V,I,L,V,Y,M,M,I,E,S,V,I,S,A,M,D,R,N,A,K,D,V,V,E,I,H,I,K,K,V,V,
64,65,405,V,V,I,L,V,Y,M,M,I,E,S,V,I,S,A,M,D,R,N,A,K,D,V,V,E,I,H,I,K,K,V,V,
64,65,502,V,V,I,L,V,Y,M,M,I,E,S,V,I,S,A,M,D,R,N,A,K,D,V,V,E,I,H,I,K,K,V,V,
64,65,503,V,V,I,L,V,Y,M,M,I,E,S,V,I,S,A,M,D,R,N,A,K,D,V,V,E,I,H,I,K,K,V,V,
64,65,504,V,V,I,L,V,Y,M,M,I,E,S,V,I,S,A,M,D,R,N,A,K,D,V,V,E,I,H,I,K,K,V,V,
64,65,505,V,V,I,L,V,Y,M,M,I,E,S,V,I,S,A,M,D,R,N,A,K,D,V,V,E,I,H,I,K,K,V,V,

