>A3LT2_HUMAN,250,0,250,0,1,A,L,K,E,G,L,R,A,W,K,R,I,F,W,R,Q,I,L,L,T,L,G,L,L,G,L,F,L,Y,G,L,P,K,F,R,H,L,E,A,L,I,P,M,G,V,C,P,S,A,T,M,
>A3LT2_MOUSE,250,0,250,0,1,R,G,P,G,K,P,T,W,G,L,S,R,A,K,K,R,L,L,W,R,F,F,L,S,A,F,G,F,L,G,L,Y,H,Y,R,F,I,I,I,R,L,I,E,G,S,I,P,M,G,T,C,
>A3LT2_RAT,269,0,269,0,2,F,L,S,A,F,G,L,L,G,L,Y,H,Y,W,F,K,I,F,R,L,F,E,V,F,I,P,M,G,I,C,P,M,A,I,M,P,L,L,K,D,N,F,T,G,V,L,R,H,W,A,R,
>A4GAT_HUMAN,305,0,305,0,1,P,P,D,L,L,L,R,L,L,R,G,A,P,R,Q,R,V,C,T,L,F,I,I,G,F,K,F,T,F,F,V,S,I,M,I,Y,W,H,V,V,G,E,P,K,E,K,G,Q,L,Y,N,
>A4GAT_MOUSE,250,0,250,0,1,P,P,D,C,L,L,R,M,L,R,G,T,P,R,Q,R,V,F,T,F,F,I,I,S,F,K,F,M,F,L,I,S,I,L,I,Y,W,H,T,V,G,A,P,K,D,Q,R,E,Y,S,L,
>A4GAT_RAT,250,0,250,0,1,P,P,D,C,L,P,R,M,L,R,G,T,P,R,Q,R,V,F,T,L,F,I,I,S,F,K,F,T,F,L,V,S,I,L,I,Y,W,H,T,V,G,A,P,K,D,Q,R,R,Q,Y,S,
>A4GCT_MOUSE,305,0,305,0,1,X,X,X,X,X,X,X,X,X,X,X,X,X,L,K,E,I,Y,L,S,L,S,L,V,L,V,F,A,C,G,L,L,Y,Q,L,T,M,R,S,Q,C,F,F,A,C,L,P,P,F,S,F,
>AAAD_BOVIN,250,0,0,250,2,X,X,X,X,X,X,X,X,X,X,R,K,K,Y,F,G,F,L,I,L,G,V,L,L,A,G,Y,I,Y,V,P,L,P,D,N,V,E,E,P,W,K,I,M,L,L,N,T,F,L,K,T,
>AAAD_MOUSE,250,0,0,269,3,X,X,X,X,X,X,X,X,X,X,X,X,X,G,K,T,I,S,L,L,I,S,V,V,L,V,A,Y,Y,L,Y,I,P,L,P,D,A,I,E,E,P,W,K,V,V,W,E,T,A,F,V,
>AAAD_RAT,250,0,0,250,1,X,X,X,X,X,X,X,X,X,X,X,X,X,G,R,T,I,F,L,L,I,S,V,V,L,V,A,Y,Y,I,Y,I,P,L,P,D,D,I,E,E,P,W,K,I,I,L,G,N,T,L,L,
>ABHEA_HUMAN,305,0,0,0,1,I,P,L,G,P,T,V,V,Q,T,S,M,S,R,S,Q,V,A,L,L,G,L,S,L,L,L,M,L,L,L,Y,V,G,L,P,G,P,P,E,Q,T,S,C,L,W,G,D,P,N,V,T,
>ABHEA_MOUSE,305,0,0,0,2,X,X,X,X,X,X,X,V,Q,K,F,M,S,R,Y,Q,A,A,L,L,G,L,G,L,L,L,V,F,L,L,Y,M,G,L,P,G,P,P,E,Q,T,S,R,L,W,R,G,P,N,V,T,
>ABHEA_RAT,305,0,0,0,2,X,X,X,X,X,X,X,X,X,X,X,X,S,R,Y,Q,A,A,L,L,G,L,G,L,L,L,M,F,L,L,Y,M,G,L,P,G,P,P,K,Q,T,S,Q,L,G,R,G,P,N,V,T,
>ALG1_HUMAN,305,0,0,305,1,X,X,X,X,X,X,X,X,X,X,X,X,A,A,S,C,L,V,L,L,A,L,C,L,L,L,P,L,L,L,L,G,G,W,K,R,W,R,R,G,R,A,A,R,H,V,V,A,V,V,L,
>ALG1_MOUSE,250,0,0,250,3,X,X,X,X,X,X,X,X,X,X,X,X,X,A,A,S,C,V,A,L,L,V,L,A,L,L,L,L,V,L,L,L,G,L,W,K,R,G,R,Q,T,G,R,A,R,H,M,V,V,V,V,
>ALG1_PONAB,250,0,0,250,1,X,X,X,X,X,X,X,X,X,X,X,X,A,A,S,C,L,V,L,L,A,L,C,L,L,L,P,L,L,L,L,G,G,W,K,R,W,R,R,G,R,T,A,R,H,V,V,A,V,V,L,
>ALG5_HUMAN,250,0,0,250,1,X,X,X,X,X,X,X,X,X,X,X,X,X,X,A,P,L,L,L,Q,L,A,V,L,G,A,A,L,A,A,A,A,L,V,L,I,S,I,V,A,F,T,T,A,T,K,M,P,A,L,H,
>ALG5_MOUSE,250,0,0,250,2,X,X,X,X,X,X,X,X,X,X,A,T,L,L,L,Q,L,L,G,L,G,V,A,L,A,A,A,A,L,I,L,V,S,I,V,A,F,I,T,A,T,K,M,P,P,C,Y,Q,H,E,E,
>AMPQ_FELCA,250,0,0,0,1,X,X,X,X,G,P,P,S,S,S,G,F,Y,V,S,R,A,V,A,L,L,L,A,A,L,A,A,A,L,L,L,A,L,A,V,L,A,A,L,Y,G,R,C,A,R,V,Q,P,S,D,L,
>AMPQ_HUMAN,303,0,0,0,1,X,X,X,X,G,P,P,S,S,S,G,F,Y,V,S,R,A,V,A,L,L,L,A,G,L,V,A,A,L,L,L,A,L,A,V,L,A,A,L,Y,G,H,C,E,R,V,P,P,S,E,L,
>AMPQ_MOUSE,250,0,0,0,1,X,X,X,S,R,P,F,S,S,G,V,Y,V,S,R,G,V,A,L,L,L,A,A,L,T,A,V,L,L,L,V,L,V,A,L,A,S,L,Y,G,S,C,A,H,V,Q,P,S,E,Q,G,
>AOC3_RAT,269,0,0,0,1,X,X,X,X,X,X,X,X,X,X,X,T,Q,K,T,T,L,V,L,L,A,L,A,V,I,T,I,F,A,L,V,C,V,L,L,A,G,R,S,G,D,G,G,R,L,S,Q,P,L,H,C,
>APMAP_HUMAN,269,0,0,0,1,D,G,Q,A,P,E,A,K,D,G,S,S,F,S,G,R,V,F,R,V,T,F,L,M,L,A,V,S,L,T,V,P,L,L,G,A,M,M,L,L,E,S,P,I,D,P,Q,P,L,S,F,
>ARXS1_MOUSE,305,0,0,269,1,X,X,X,X,X,X,X,N,S,L,L,S,R,A,N,S,L,F,A,F,T,L,S,V,M,A,A,L,T,L,G,C,I,L,T,T,A,F,K,D,R,S,A,P,V,R,L,H,V,S,R,
>ASPH_BOVIN,303,0,0,1,1,G,R,K,G,G,L,S,G,S,S,F,F,T,W,F,M,V,I,A,L,L,G,V,W,T,S,V,A,V,V,W,F,D,L,V,D,Y,E,E,V,L,A,K,A,K,D,F,R,Y,N,L,
>ASPH_HUMAN,269,0,0,1,1,G,R,K,G,G,L,S,G,T,S,F,F,T,W,F,M,V,I,A,L,L,G,V,W,T,S,V,A,V,V,W,F,D,L,V,D,Y,E,E,V,L,G,K,L,G,I,Y,D,A,D,G,
>ASPH_MOUSE,303,0,0,250,2,G,R,R,G,G,I,S,G,G,S,F,F,T,W,F,M,V,I,A,L,L,G,V,W,T,S,V,A,V,V,W,F,D,L,V,D,Y,E,E,V,L,G,K,L,G,V,Y,D,A,D,G,
>AT1B4_BOVIN,250,0,0,0,1,D,P,E,K,R,T,S,L,A,R,T,G,Q,S,W,S,L,I,L,V,I,Y,F,F,F,Y,A,S,L,A,A,V,I,T,L,C,M,Y,T,L,F,L,T,I,S,P,Y,M,P,T,F,
>AT1B4_HUMAN,250,0,0,0,1,D,P,E,R,R,M,F,L,A,R,T,G,Q,S,W,S,L,I,L,L,I,Y,F,F,F,Y,A,S,L,A,A,V,I,T,L,C,M,Y,T,L,F,L,T,I,S,P,Y,I,P,T,F,
>AT1B4_MOUSE,250,0,0,0,2,Q,S,R,S,L,I,L,V,I,Y,F,F,F,Y,A,S,L,A,A,V,I,T,L,F,I,Y,M,L,F,L,A,I,S,P,Y,M,P,T,F,T,E,Q,V,K,P,P,G,V,M,I,R,
>AT1B4_PIG,269,0,0,0,1,D,P,E,K,R,M,S,L,A,R,T,G,Q,S,L,S,L,L,L,V,I,Y,F,F,F,Y,A,S,L,A,A,V,I,T,L,C,M,Y,T,L,F,L,T,I,S,P,Y,V,P,T,F,
>B3GA1_CANLF,250,0,250,0,1,X,X,X,X,X,X,X,X,X,X,X,P,K,R,R,D,I,L,A,I,V,L,I,V,L,P,W,T,L,L,V,T,V,W,H,Q,S,T,I,A,P,L,L,T,T,H,K,G,E,P,L,
>B3GA1_HUMAN,250,0,250,250,1,X,X,X,X,X,X,X,X,X,X,X,P,K,R,R,D,I,L,A,I,V,L,I,V,L,P,W,T,L,L,I,T,V,W,H,Q,S,T,L,A,P,L,L,A,V,H,K,D,E,G,S,
>B3GA2_CANLF,250,0,250,0,1,X,X,X,X,X,X,X,X,X,K,S,A,L,F,S,R,F,F,I,L,L,P,W,I,L,I,V,I,I,M,L,D,V,D,T,R,R,P,A,P,P,L,T,P,R,P,Y,F,S,P,Y,
>B3GA2_MOUSE,250,0,250,0,1,X,X,X,X,X,X,X,X,X,K,S,A,L,C,S,R,F,F,I,L,L,P,W,I,L,I,V,I,I,M,L,D,V,D,P,R,R,P,A,P,Q,L,T,S,R,P,Y,F,S,P,H,
>B3GA3_CRIGR,250,0,250,0,1,X,X,X,X,X,X,X,X,X,X,K,L,K,L,K,N,V,F,L,A,Y,F,L,V,S,I,A,G,L,L,Y,A,L,V,Q,L,G,Q,P,C,D,C,L,P,P,L,R,A,A,A,E,
>B3GA3_HUMAN,269,0,269,0,1,X,X,X,X,X,X,X,X,X,X,K,L,K,L,K,N,V,F,L,A,Y,F,L,V,S,I,A,G,L,L,Y,A,L,V,Q,L,G,Q,P,C,D,C,L,P,P,L,R,A,A,A,E,
>B3GL1_MOUSE,250,0,250,0,1,L,T,A,L,P,N,R,M,S,L,R,S,L,K,W,S,L,L,L,L,S,L,L,S,F,L,V,I,W,Y,L,S,L,P,H,Y,N,V,I,E,R,V,N,W,M,Y,F,Y,E,Y,E,
>B3GL1_PIG,250,0,250,0,1,P,I,T,L,P,S,K,M,S,L,R,S,L,K,W,S,L,L,L,L,S,L,L,S,F,L,V,M,W,Y,L,S,L,P,H,Y,N,V,I,E,R,V,N,W,M,Y,F,Y,E,Y,E,
>B3GL1_PONAB,250,0,250,0,1,W,T,V,L,P,S,R,M,S,L,R,S,L,Q,W,S,L,L,L,L,S,L,L,S,F,L,V,M,W,Y,L,S,L,P,H,Y,N,V,I,E,R,V,N,W,M,Y,F,Y,E,Y,E,
>B3GL1_RAT,250,0,250,0,1,L,T,A,I,P,N,R,M,S,L,R,S,L,K,W,S,L,L,L,L,S,L,L,S,F,L,V,I,W,Y,L,S,L,P,H,Y,N,V,I,E,R,V,N,W,M,Y,F,Y,E,Y,E,
>B3GL2_HUMAN,250,0,250,269,1,X,X,X,X,X,X,X,X,X,X,X,X,X,R,N,W,L,V,L,L,C,P,C,V,L,G,A,A,L,H,L,W,L,R,L,R,S,P,P,P,A,C,A,S,G,A,G,P,A,D,Q,
>B3GL2_MOUSE,250,0,250,250,1,X,X,X,X,X,X,X,X,X,X,X,X,X,R,N,W,L,V,L,L,C,P,C,V,L,G,A,A,L,H,L,W,H,L,W,L,R,S,P,P,D,P,H,N,T,G,P,S,A,A,D,
>B3GLT_HUMAN,269,0,0,269,3,X,X,X,R,P,P,A,C,W,W,L,L,A,P,P,A,L,L,A,L,L,T,C,S,L,A,F,G,L,A,S,E,D,T,K,K,E,V,K,Q,S,Q,D,L,E,K,S,G,I,S,R,
>B3GLT_MOUSE,250,0,0,255,2,X,X,X,X,X,X,X,X,X,X,X,X,X,R,P,P,A,L,L,A,L,F,S,C,S,A,A,F,A,L,M,S,E,E,I,K,E,K,V,T,P,S,Q,D,L,R,Q,S,S,L,P,
>B3GN2_HUMAN,305,0,305,0,2,X,X,X,X,X,X,X,X,S,V,G,R,R,R,I,K,L,L,G,I,L,M,M,A,N,V,F,I,Y,F,I,M,E,V,S,K,S,S,S,Q,E,K,N,G,K,G,E,V,I,I,P,
>B3GN2_MOUSE,305,0,305,0,1,X,X,X,X,X,X,X,X,S,V,G,R,R,R,V,K,L,L,G,I,L,M,M,A,N,V,F,I,Y,L,I,V,E,V,S,K,N,S,S,Q,D,K,N,G,K,G,G,V,I,I,P,
>B3GN3_HUMAN,305,0,305,0,1,X,X,X,X,X,K,Y,L,R,H,R,R,P,N,A,T,L,I,L,A,I,G,A,F,T,L,L,L,F,S,L,L,V,S,P,P,T,C,K,V,Q,E,Q,P,P,A,I,P,E,A,L,
>B3GN3_MOUSE,305,0,305,0,1,X,X,X,X,X,X,X,R,L,P,R,Q,S,P,Y,E,I,L,L,L,V,L,V,A,L,L,V,L,L,L,L,L,T,S,K,S,P,P,S,C,S,A,P,E,R,S,K,E,P,E,D,
>B3GN4_HUMAN,250,0,250,0,1,K,G,P,A,M,L,C,R,L,C,W,L,V,S,Y,S,L,A,V,L,L,L,G,C,L,L,F,L,R,K,A,A,K,P,A,G,D,P,T,A,H,Q,P,F,W,A,P,P,T,P,R,
>B3GN4_MOUSE,250,0,250,0,3,X,X,X,X,X,X,X,X,X,X,X,X,X,L,P,R,L,G,C,V,L,F,C,S,L,V,V,L,L,L,S,C,L,L,L,L,K,E,R,I,P,A,G,S,S,K,A,H,Q,Q,F,
>B3GN5_HUMAN,250,0,250,0,1,X,X,X,R,M,L,V,S,G,R,R,V,K,K,W,Q,L,I,I,Q,L,F,A,T,C,F,L,A,S,L,M,F,F,W,E,P,I,D,N,H,I,V,S,H,M,K,S,Y,S,Y,R,
>B3GN5_MOUSE,250,0,250,0,2,X,X,X,X,R,L,F,V,S,R,R,V,K,R,W,K,I,F,H,F,F,V,T,C,F,I,L,S,F,M,V,F,W,S,P,I,N,N,Y,I,M,S,H,M,K,S,Y,S,Y,R,Y,
>B3GN5_PIG,250,0,250,0,1,X,X,X,X,X,F,G,S,G,R,R,V,K,K,W,Q,F,I,Q,I,F,A,T,C,F,V,L,S,L,M,F,F,W,G,P,I,D,N,H,I,V,S,H,M,K,S,Y,S,Y,R,Y,
>B3GN5_RAT,250,0,250,0,2,X,X,X,R,V,F,V,S,S,R,R,V,K,R,W,Q,F,F,H,L,F,A,I,C,F,I,L,S,F,M,V,F,W,G,P,I,N,N,Y,I,M,S,H,M,K,S,Y,S,Y,R,Y,
>B3GN6_HUMAN,269,0,269,0,1,X,X,X,X,A,F,P,C,R,R,S,L,T,A,K,T,L,A,C,L,L,V,G,V,S,F,L,A,L,Q,Q,W,F,L,Q,A,P,R,S,P,R,E,E,R,S,P,Q,E,E,T,P,
>B3GN6_MOUSE,250,0,250,0,1,X,X,X,A,L,P,S,S,R,R,F,K,S,P,T,T,L,A,F,F,L,V,G,V,T,L,V,V,L,N,Q,W,F,L,Q,E,H,R,Q,E,K,A,K,G,P,V,A,T,R,R,S,
>B3GN7_HUMAN,305,0,305,0,1,X,X,X,X,X,X,S,L,W,K,K,T,V,Y,R,S,L,C,L,A,L,A,L,L,V,A,V,T,V,F,Q,R,S,L,T,P,G,Q,F,L,Q,E,P,P,P,P,T,L,E,P,Q,
>B3GN7_MOUSE,305,0,305,0,1,X,X,X,X,X,X,S,L,W,K,K,T,L,Y,K,S,V,C,L,A,L,A,L,L,V,A,V,T,V,F,Q,R,S,V,T,P,G,Q,F,L,Q,D,P,L,P,P,T,P,G,P,A,
>B3GN7_RAT,305,0,305,0,1,X,X,X,X,X,X,S,L,W,K,K,T,L,Y,K,S,V,C,L,A,L,A,L,L,V,A,V,T,V,F,Q,R,S,V,T,P,G,Q,F,L,Q,D,P,L,P,P,T,L,G,P,P,
>B3GN8_HUMAN,250,0,250,0,1,X,X,X,X,X,X,X,X,X,X,X,X,R,C,P,K,C,L,L,C,L,S,A,L,L,T,L,L,G,L,K,V,Y,I,E,W,T,S,E,S,R,L,S,K,A,Y,P,S,P,R,G,
>B3GN8_MOUSE,250,0,250,0,1,X,X,X,X,X,X,X,X,X,X,R,C,R,K,C,Q,L,C,L,S,A,L,L,T,L,L,G,L,K,V,Y,I,E,W,T,S,E,S,W,L,K,K,A,E,P,R,G,A,L,P,S,
>B3GT1_GORGO,305,0,305,0,2,X,X,X,X,X,X,X,X,X,X,X,A,S,K,V,S,C,L,Y,V,L,T,V,V,C,W,A,S,A,L,W,Y,L,S,I,T,R,P,T,S,S,Y,T,G,S,K,P,F,S,H,L,
>B3GT2_HUMAN,305,0,305,0,2,R,R,R,H,C,C,F,A,K,M,T,W,N,A,K,R,S,L,F,R,T,H,L,I,G,V,L,S,L,V,F,L,F,A,M,F,L,F,F,N,H,H,D,W,L,P,G,R,A,G,F,
>B3GT2_MOUSE,305,0,305,0,3,R,R,H,C,C,F,A,K,M,T,W,S,P,K,R,S,L,L,R,T,P,L,T,G,V,L,S,L,V,F,L,F,A,M,F,L,F,F,N,H,H,D,W,L,P,G,R,P,G,F,K,
>B3GT5_HUMAN,305,0,305,0,2,X,X,X,X,X,X,X,X,X,X,A,F,P,K,M,R,L,M,Y,I,C,L,L,V,L,G,A,L,C,L,Y,F,S,M,Y,S,L,N,P,F,K,E,Q,S,F,V,Y,K,K,D,G,
>B3GT5_MOUSE,305,0,305,0,1,X,X,X,X,X,X,X,X,X,X,A,H,M,K,T,R,L,V,Y,A,S,I,L,M,M,G,A,L,C,L,Y,F,S,M,D,S,F,R,E,L,P,F,V,F,K,K,S,H,G,K,F,
>B3GT6_HUMAN,269,0,269,0,1,X,X,X,X,X,X,K,L,L,R,R,A,W,R,R,R,A,A,L,G,L,G,T,L,A,L,C,G,A,A,L,L,Y,L,A,R,C,A,A,E,P,G,D,P,R,A,M,S,G,R,S,
>B3GT6_MOUSE,250,0,250,0,1,X,X,X,X,X,X,K,V,F,R,R,A,W,R,H,R,V,A,L,G,L,G,G,L,A,F,C,G,T,T,L,L,Y,L,A,R,C,A,S,E,G,E,T,P,S,A,S,G,A,A,R,
>B3GT9_HUMAN,250,0,250,0,1,X,X,X,X,Q,V,T,F,C,R,L,R,T,H,Q,W,C,F,I,L,F,N,V,I,L,F,H,A,L,L,F,G,T,D,F,V,E,E,Y,F,L,H,S,L,P,Y,I,D,V,K,V,
>B4GA1_HUMAN,269,0,269,0,1,X,X,X,X,Q,M,S,Y,A,I,R,C,A,F,Y,Q,L,L,L,A,A,L,M,L,V,A,M,L,Q,L,L,Y,L,S,L,L,S,G,L,H,G,Q,E,E,Q,D,Q,Y,F,E,F,
>B4GN2_HUMAN,305,0,305,0,1,W,G,P,F,A,A,H,G,R,S,R,R,Q,G,S,R,F,L,W,L,L,K,I,L,V,I,I,L,V,L,G,I,V,G,F,M,F,G,S,M,F,L,Q,A,V,F,S,S,P,K,P,
>B4GN3_HUMAN,269,0,269,0,1,P,P,L,L,L,R,P,V,K,L,L,R,R,R,F,R,L,L,L,A,L,A,V,V,S,V,G,L,W,T,L,Y,L,E,L,V,A,S,A,Q,V,G,G,N,P,L,N,R,R,Y,G,
>B4GN4_HUMAN,250,0,250,0,1,X,X,X,P,R,L,P,V,K,K,I,R,K,Q,M,K,L,L,L,L,L,L,L,L,S,C,A,A,W,L,T,Y,V,H,L,G,L,V,R,Q,G,R,A,L,R,Q,R,L,G,Y,G,
>B4GN4_MOUSE,250,0,250,0,1,X,X,X,P,W,F,P,V,K,K,V,R,K,Q,M,K,L,L,L,L,L,L,L,L,T,C,A,A,W,L,T,Y,V,H,R,S,L,V,R,P,G,R,A,L,R,Q,R,L,G,Y,G,
>B4GT2_CRIGR,250,0,250,0,1,X,X,S,R,L,L,G,G,T,L,E,R,V,C,K,A,V,L,L,L,C,L,L,H,F,L,V,A,V,I,L,Y,F,D,V,Y,A,Q,H,L,A,F,F,S,R,F,S,I,R,S,P,
>B4GT2_MOUSE,250,0,250,0,2,X,X,X,X,X,X,S,R,L,L,G,G,T,L,E,R,V,C,K,A,V,L,L,L,C,L,L,H,F,L,V,A,V,I,L,Y,F,D,V,Y,A,Q,H,L,A,F,F,S,R,F,S,
>B4GT3_BOVIN,250,0,250,0,2,X,X,X,X,X,X,X,X,X,X,X,X,X,L,R,R,L,L,E,R,P,C,T,L,A,L,L,V,G,S,Q,L,A,V,M,M,Y,L,S,L,G,G,F,R,S,L,S,A,L,F,G,
>B4GT3_CRIGR,250,0,250,0,2,X,X,X,X,X,X,X,X,X,X,X,X,X,L,R,R,L,L,E,R,P,C,T,L,A,L,L,V,G,S,Q,L,A,V,M,M,Y,L,S,L,G,G,F,R,S,L,S,A,L,F,G,
>B4GT3_MOUSE,250,0,250,0,2,X,X,X,X,X,X,X,X,X,X,X,X,X,L,R,R,L,L,E,R,P,C,T,L,A,L,L,V,G,S,Q,L,A,V,M,M,Y,L,S,L,G,G,F,R,S,L,S,A,L,F,G,
>B4GT3_PONAB,250,0,250,0,2,X,X,X,X,X,X,X,X,X,X,X,X,X,L,R,R,L,L,E,R,P,C,T,L,A,L,L,V,G,S,Q,L,A,V,M,M,Y,L,S,L,G,G,F,R,S,L,S,A,L,F,G,
>B4GT4_CRIGR,250,0,250,0,1,X,X,X,G,C,N,P,P,Y,L,L,P,Y,R,L,R,L,L,L,F,F,T,L,C,L,T,V,V,G,W,V,T,S,N,Y,F,V,D,P,I,Q,V,I,P,K,A,K,V,F,M,A,
>B4GT4_MOUSE,250,0,250,0,1,X,X,X,G,C,N,P,P,Y,H,L,S,Y,R,L,R,L,L,L,L,F,T,L,C,L,T,V,V,G,W,A,T,S,N,Y,F,V,G,A,I,Q,V,I,P,K,A,K,D,F,M,A,
>B4GT4_RAT,250,0,250,0,1,X,X,X,G,C,N,P,P,Y,L,L,S,Y,R,L,R,L,L,L,L,F,T,L,C,L,T,V,L,G,W,A,T,S,N,Y,F,V,G,A,I,Q,V,I,P,R,A,K,N,F,M,A,
>B4GT7_MOUSE,250,0,250,0,3,D,G,R,A,R,L,L,P,G,G,L,R,R,K,C,S,I,F,H,L,F,I,A,F,L,L,L,V,F,F,S,L,L,W,L,Q,L,S,C,S,G,D,M,A,Q,V,T,R,G,Q,G,
>BTNL2_HUMAN,269,0,0,0,1,X,X,X,X,X,X,V,D,F,P,G,Y,N,L,S,G,A,V,A,S,F,L,F,I,L,L,T,M,K,Q,S,E,D,F,R,V,I,G,P,A,H,P,I,L,A,G,V,G,E,D,A,
>BWNIN_HUMAN,305,0,0,0,1,P,A,G,V,P,M,S,T,Y,L,K,M,F,A,A,S,L,L,A,M,C,A,G,A,E,V,V,H,R,Y,Y,R,P,D,L,T,I,P,E,I,P,P,K,R,G,E,L,K,T,E,L,
>BWNIN_MOUSE,250,0,0,0,1,P,G,G,V,P,W,S,A,Y,L,K,M,L,S,S,S,L,L,A,M,C,A,G,A,Q,V,V,H,W,Y,Y,R,P,D,L,T,I,P,E,I,P,P,K,P,G,E,L,K,T,E,L,
>BWNIN_PONAB,250,0,0,0,2,X,X,X,X,X,P,A,G,V,P,M,S,T,Y,L,K,M,L,A,A,S,L,L,A,M,C,A,G,A,E,V,V,H,R,Y,Y,R,P,D,L,T,I,P,E,I,P,P,K,R,G,E,
>C1GLT_RAT,269,0,0,0,1,X,X,X,X,X,X,X,X,X,A,S,K,S,W,L,N,F,L,T,F,L,C,G,S,A,I,G,F,F,L,C,S,Q,L,L,N,I,L,L,Q,E,Q,A,D,V,Q,P,N,M,L,H,
>CANT1_MOUSE,250,0,250,250,1,A,S,M,T,K,A,T,D,P,R,F,R,P,R,W,R,V,I,L,T,S,F,V,G,A,A,L,L,W,L,L,Y,S,H,H,Q,G,P,V,P,G,R,P,P,T,H,N,A,H,N,W,
>CANT1_RAT,269,0,269,269,1,A,S,M,T,K,A,T,D,P,R,F,R,P,R,W,R,V,I,L,T,S,F,V,G,A,A,L,L,W,L,L,Y,S,H,H,Q,T,P,V,S,G,R,P,P,I,H,N,A,H,N,W,
>CCPG1_HUMAN,250,0,0,0,3,P,S,K,E,L,S,K,R,Q,F,S,S,G,L,N,K,C,V,I,L,A,L,V,I,A,I,S,M,G,F,G,H,F,Y,G,T,I,Q,I,Q,K,R,Q,Q,L,V,R,K,I,H,E,
>CCPG1_MOUSE,269,0,0,0,1,P,S,K,E,P,S,K,R,H,F,S,R,G,L,N,K,C,V,I,L,A,L,V,I,A,V,S,M,G,F,G,H,F,Y,G,T,I,Q,I,Q,K,Q,L,V,R,K,T,H,E,D,E,
>CCPG1_PONAB,250,0,0,0,3,E,P,S,K,E,S,K,R,Q,F,S,S,G,L,N,K,C,V,I,L,A,L,V,I,A,V,S,M,G,F,G,H,F,Y,G,T,I,Q,I,Q,K,R,Q,Q,L,V,R,K,I,H,E,
>CF089_HUMAN,269,0,269,0,1,Q,L,L,E,K,N,E,P,Q,R,P,P,P,Q,Y,P,L,L,I,V,V,Y,K,V,L,A,T,L,G,L,I,L,L,T,A,Y,F,V,I,Q,P,F,S,P,L,A,P,E,P,V,L,
>CF089_MOUSE,250,0,250,0,1,Q,L,L,E,K,N,E,P,Q,R,G,P,P,Q,Y,P,L,L,I,A,V,Y,K,V,L,L,T,L,G,L,I,L,F,T,A,Y,F,V,I,Q,P,F,S,S,L,A,P,E,P,V,L,
>CF089_RAT,250,0,250,0,2,P,Q,R,G,P,P,Q,Y,P,L,L,I,A,M,Y,K,V,L,L,T,L,G,L,I,L,F,T,A,Y,F,V,I,Q,P,F,S,S,L,A,P,E,P,V,L,S,G,A,H,T,W,R,
>CGAT1_HUMAN,305,0,305,0,2,X,X,X,X,X,X,X,X,X,X,M,M,V,R,R,G,L,L,A,W,I,S,R,V,V,V,L,L,V,L,L,C,C,A,I,S,V,L,Y,M,L,A,C,T,P,K,G,D,E,E,Q,
>CGAT1_MOUSE,305,0,305,0,2,X,X,X,X,X,X,X,X,X,X,X,X,V,R,R,G,L,L,G,W,I,S,R,V,V,I,L,L,V,L,L,C,C,A,I,S,V,L,Y,M,L,A,C,T,P,K,G,D,Q,E,Q,
>CGAT2_HUMAN,305,0,305,0,1,X,X,X,X,X,X,X,X,X,X,X,X,P,R,R,G,L,I,L,H,T,R,T,H,W,L,L,L,G,L,A,L,L,C,S,L,V,L,F,M,Y,L,L,E,C,A,P,Q,T,D,G,
>CGAT2_MOUSE,250,0,250,0,1,X,X,X,S,R,R,G,S,I,L,H,S,R,T,Q,W,L,L,L,G,L,A,L,L,F,S,L,V,L,F,M,Y,L,L,E,C,A,P,Q,T,D,G,N,A,S,L,P,G,V,V,R,
>CHPF2_HUMAN,305,0,305,0,1,X,X,X,X,X,X,X,X,X,X,X,X,R,L,S,S,L,L,A,L,L,R,P,A,L,P,L,I,L,G,L,S,L,G,C,S,L,S,L,L,R,V,S,W,I,Q,G,E,G,E,D,
>CHSS1_HUMAN,305,0,305,0,2,X,X,X,X,X,X,X,X,X,X,A,A,R,G,R,R,A,W,L,S,V,L,L,G,L,V,L,G,F,V,L,A,S,R,L,V,L,P,R,A,S,E,L,K,R,A,G,P,R,R,R,
>CHSS1_MOUSE,250,0,250,0,1,X,X,X,X,X,X,X,X,X,X,A,A,R,G,R,R,A,W,L,S,M,L,L,G,L,V,L,G,F,V,L,A,S,R,L,V,L,P,R,A,S,E,L,K,R,V,G,P,R,R,R,
>CHSS2_HUMAN,305,0,305,0,1,X,X,R,A,S,L,L,L,S,V,L,R,P,A,G,P,V,A,V,G,I,S,L,G,F,T,L,S,L,L,S,V,T,W,V,E,E,P,C,G,P,G,P,P,Q,P,G,D,S,E,L,
>CHSS2_MOUSE,305,0,305,0,1,X,X,R,A,S,L,L,L,S,V,L,R,P,A,G,P,V,A,V,G,I,S,L,G,F,T,L,S,L,L,S,V,T,W,V,E,E,P,C,G,P,G,P,P,Q,P,G,D,S,E,L,
>CHSS3_HUMAN,305,0,305,0,2,X,X,X,X,X,X,A,V,R,S,R,R,P,W,M,S,V,A,L,G,L,V,L,G,F,T,A,A,S,W,L,I,A,P,R,V,A,E,L,S,E,R,K,R,R,G,S,S,L,C,S,
>CHSS3_MOUSE,305,0,305,0,2,X,X,X,X,X,X,X,X,X,A,V,R,S,R,R,P,W,V,S,V,A,L,G,L,V,L,G,F,T,A,A,S,W,L,I,A,P,R,V,A,E,L,S,E,K,R,R,R,G,S,S,
>CHST1_HUMAN,250,0,250,0,1,X,X,X,X,X,X,X,X,X,X,Q,C,S,W,K,A,V,L,L,L,A,L,A,S,I,A,I,Q,Y,T,A,I,R,T,F,T,A,K,S,F,H,T,C,P,G,L,A,E,A,G,L,
>CHST1_MOUSE,250,0,250,0,2,X,X,X,X,X,X,X,X,X,X,X,Q,C,S,W,K,A,V,L,L,L,A,L,A,S,I,A,I,Q,Y,T,A,I,R,T,F,T,A,K,S,F,H,T,C,P,G,L,T,D,T,G,
>CHST2_HUMAN,269,0,269,0,1,R,R,W,P,A,S,P,L,G,M,K,V,F,R,R,K,A,L,V,L,C,A,G,Y,A,L,L,L,V,L,T,M,L,N,L,L,D,Y,K,W,H,K,E,P,L,Q,Q,C,N,P,D,
>CHST2_MOUSE,250,0,250,0,1,R,R,W,P,A,S,P,L,G,M,K,V,F,R,R,K,A,L,V,L,C,A,G,Y,A,L,L,L,V,L,T,M,L,N,L,L,D,Y,K,W,H,K,E,P,L,Q,Q,C,N,P,D,
>CHST3_HUMAN,250,0,250,0,2,Q,D,C,R,D,F,V,H,S,L,K,M,R,S,K,Y,A,L,F,L,V,F,V,V,I,V,F,V,F,I,E,K,E,N,K,I,I,S,R,V,S,D,K,L,K,Q,I,P,Q,A,L,
>CHST3_MOUSE,250,0,250,0,1,Q,D,F,R,D,L,V,H,S,L,K,I,R,G,R,Y,V,L,F,L,A,F,V,V,I,V,F,I,F,I,E,K,E,N,K,I,I,S,R,V,S,D,K,L,K,Q,I,P,H,F,V,
>CHST3_RAT,250,0,250,0,1,Q,D,C,R,D,L,V,H,N,L,K,I,R,G,R,Y,V,L,F,L,A,F,V,V,I,V,F,I,F,I,E,K,E,N,K,I,I,S,R,V,S,D,K,L,K,Q,I,P,Q,F,V,
>CHST4_HUMAN,269,0,269,0,1,X,X,X,X,X,X,X,X,X,L,L,P,K,K,M,K,L,L,L,F,L,V,S,Q,M,A,I,L,A,L,F,F,H,M,Y,S,H,N,I,S,S,L,S,M,K,A,Q,P,E,R,M,
>CHST4_MOUSE,269,0,269,0,1,X,X,X,X,X,X,X,X,X,M,L,L,K,K,G,R,L,L,M,F,L,G,S,Q,V,I,V,V,A,L,F,I,H,M,S,V,H,R,H,L,S,Q,R,E,E,S,R,R,P,V,H,
>CHST5_HUMAN,305,0,305,0,1,P,A,A,R,M,W,L,P,R,F,S,S,K,T,V,T,V,L,L,L,A,Q,T,T,C,L,L,L,F,I,I,S,R,P,G,P,S,S,P,A,G,G,E,D,R,V,H,V,L,V,L,
>CHST5_MOUSE,250,0,250,0,1,X,X,X,X,X,X,X,X,R,L,P,R,F,S,S,T,V,M,L,S,L,L,M,V,Q,T,G,I,L,V,F,L,V,S,R,Q,V,P,S,S,P,A,G,L,G,E,R,V,H,V,L,
>CHST6_HUMAN,250,0,250,0,3,X,X,X,X,X,X,X,X,W,L,P,R,V,S,S,T,A,V,T,A,L,L,L,A,Q,T,F,L,L,L,F,L,V,S,R,P,G,P,S,S,P,A,G,G,E,A,R,V,H,V,L,
>CHST7_HUMAN,250,0,250,0,1,X,X,X,X,K,G,R,R,R,R,R,R,E,Y,C,K,F,A,L,L,L,V,L,Y,T,L,V,L,L,L,V,P,S,V,L,D,G,G,R,D,G,D,K,G,A,E,H,C,P,G,L,
>CHST7_MOUSE,250,0,250,0,1,X,X,K,G,R,R,R,R,R,R,E,Y,C,K,F,T,L,L,L,A,L,Y,T,L,L,L,L,L,V,P,S,V,L,D,S,H,S,E,Q,D,K,G,R,N,C,P,G,L,Q,R,S,
>CHST7_RAT,250,0,250,0,1,X,X,K,G,R,R,R,R,R,R,E,Y,C,K,F,T,L,L,L,A,L,Y,T,L,L,L,L,L,V,P,S,V,L,D,S,G,S,E,Q,D,K,G,G,R,D,C,P,G,L,Q,R,
>CHST8_HUMAN,250,0,250,0,1,X,T,L,R,P,G,T,M,R,L,A,C,M,F,S,S,I,L,L,F,G,A,A,G,L,L,L,F,I,S,L,Q,D,P,T,E,L,A,P,Q,Q,V,P,G,I,K,F,N,I,R,P,
>CHST8_MOUSE,250,0,250,0,1,X,T,P,R,L,G,T,M,R,L,A,C,M,F,S,S,I,L,L,F,G,A,A,G,L,L,L,F,I,S,L,Q,D,P,I,E,L,S,P,Q,Q,V,P,G,I,K,F,S,I,R,P,
>CHST9_HUMAN,250,0,250,0,1,X,X,X,X,X,Q,P,S,E,M,V,M,N,P,K,Q,V,F,L,S,V,L,I,F,G,V,A,G,L,L,L,F,M,Y,L,Q,V,W,I,E,E,Q,H,T,G,R,V,E,K,R,R,
>CHST9_MOUSE,250,0,250,0,1,X,X,X,X,X,X,X,X,X,X,X,X,K,A,K,Q,V,F,F,S,V,L,L,F,G,T,A,G,L,L,L,F,M,Y,L,Q,A,W,I,E,E,H,H,T,G,K,I,E,K,K,R,
>CHSTA_HUMAN,250,0,250,0,1,X,X,X,X,X,X,X,X,X,X,X,X,H,H,Q,W,L,L,L,A,A,C,F,W,V,I,F,M,F,M,V,A,S,K,F,I,T,L,T,F,K,D,P,D,V,Y,S,A,K,Q,E,
>CHSTA_MOUSE,250,0,250,0,1,X,X,X,X,X,X,X,X,X,X,X,X,H,H,Q,W,L,L,L,A,A,C,F,W,V,I,F,M,F,M,V,A,S,K,F,I,T,L,T,F,K,D,P,D,G,Y,S,A,K,Q,E,
>CHSTA_RAT,250,0,250,0,1,X,X,X,X,X,X,X,X,X,X,X,X,H,H,Q,W,L,L,L,A,A,C,F,W,V,I,F,M,F,M,V,A,S,K,F,I,T,L,T,F,K,D,P,D,G,Y,S,A,K,Q,E,
>CHSTB_HUMAN,250,0,250,0,1,X,X,X,X,K,P,A,L,L,E,V,M,R,M,N,R,I,C,R,M,V,L,A,T,C,L,G,S,F,I,L,V,I,F,Y,F,Q,S,M,L,H,P,V,M,R,R,N,P,F,G,V,
>CHSTB_MOUSE,250,0,250,0,1,X,X,X,X,K,P,A,L,L,E,V,M,R,M,N,R,I,C,R,M,V,L,A,T,C,F,G,S,F,I,L,V,I,F,Y,F,Q,S,M,L,H,P,V,M,R,R,N,P,F,G,V,
>CHSTC_HUMAN,250,0,250,0,2,X,X,X,X,X,X,X,T,K,A,R,L,F,R,L,W,L,V,L,G,S,V,F,M,I,L,L,I,I,V,Y,W,D,S,A,G,A,A,H,F,Y,L,H,T,S,F,S,R,P,H,T,
>CHSTC_MOUSE,250,0,250,0,1,X,X,X,X,X,X,X,X,X,X,X,X,T,K,P,R,L,F,R,L,W,L,V,L,G,S,A,L,M,I,L,L,I,I,V,Y,W,D,N,V,G,T,A,H,F,Y,L,H,T,S,L,
>CHSTD_HUMAN,250,0,250,0,1,X,X,X,X,X,X,X,X,G,R,R,C,C,R,R,R,V,L,A,A,A,C,L,G,A,A,L,L,L,L,C,A,A,P,R,S,L,R,P,A,F,G,N,R,A,L,G,S,S,W,L,
>CHSTE_HUMAN,250,0,250,0,1,R,R,A,P,L,G,R,A,R,A,G,L,G,G,P,P,L,L,L,P,S,M,L,M,F,A,V,I,V,A,S,S,G,L,L,L,M,I,E,R,G,I,L,A,E,M,K,P,L,P,L,
>CHSTE_MOUSE,250,0,250,0,1,R,R,A,P,L,G,R,A,R,A,G,L,G,G,P,P,L,L,L,P,S,M,L,M,F,A,V,I,V,A,S,S,G,L,L,L,M,I,E,R,G,I,L,S,E,M,K,P,L,P,L,
>CHSTF_HUMAN,305,0,305,0,3,E,N,W,G,G,F,L,R,F,K,K,G,K,R,C,S,L,V,F,G,L,I,I,M,T,L,V,M,A,S,Y,I,L,S,G,A,H,Q,E,L,L,I,S,S,P,F,H,Y,G,G,F,
>CHSTF_MOUSE,305,0,305,0,3,E,N,W,G,G,F,L,R,F,R,K,G,K,R,C,S,L,V,F,G,L,I,I,M,T,L,V,M,A,S,Y,I,L,S,G,A,H,Q,E,L,L,I,S,S,P,F,H,Y,G,G,F,
>CHSTF_RAT,305,0,305,0,3,E,N,W,G,G,F,L,R,F,R,K,G,K,R,C,S,L,V,F,G,L,I,I,M,T,L,V,M,A,S,Y,I,L,S,G,A,H,Q,E,L,L,I,S,S,P,F,H,Y,G,G,F,
>CLC4D_HUMAN,305,0,0,0,1,G,L,E,K,P,Q,S,K,L,E,G,G,M,H,P,Q,L,I,P,S,V,I,A,V,V,F,I,L,L,L,S,V,C,F,I,A,S,C,L,V,T,H,H,N,F,S,R,C,K,R,G,
>CLC4D_MOUSE,305,0,0,0,1,W,L,E,E,S,Q,M,K,S,K,G,T,R,H,P,Q,L,I,P,C,V,F,A,V,V,S,I,S,F,L,S,A,C,F,I,S,T,C,L,V,T,H,H,Y,F,L,R,W,T,R,G,
>CLC4D_RAT,305,0,0,0,2,L,E,E,S,Q,M,K,S,K,G,A,L,H,P,R,R,I,P,W,V,C,A,V,V,S,I,S,F,L,S,A,C,F,I,S,T,C,V,V,T,H,Y,F,L,L,W,K,R,G,S,A,
>CLC4E_HUMAN,305,0,0,0,2,S,S,E,T,Q,C,T,E,R,G,C,F,S,S,Q,M,F,L,W,T,V,A,G,I,P,I,L,F,L,S,A,C,F,I,T,R,C,V,V,T,F,R,I,F,Q,T,C,D,E,K,K,
>CLC4E_MOUSE,305,0,0,0,1,S,P,A,S,H,H,T,E,R,G,C,F,K,N,S,Q,V,L,S,W,T,I,A,G,A,S,I,L,F,L,S,G,C,F,I,T,R,C,V,V,T,Y,R,S,S,Q,I,S,G,Q,N,
>CLC4E_RAT,305,0,0,0,1,S,P,A,S,H,H,T,E,R,E,C,F,K,N,S,Q,V,L,S,W,T,M,A,G,A,S,I,L,F,L,S,V,C,F,I,T,R,C,V,V,T,Y,H,S,F,Q,I,Y,G,Q,K,
>CLC4K_HUMAN,269,0,0,0,3,S,G,P,S,L,V,P,G,K,T,P,T,V,R,A,A,L,I,C,L,T,L,V,L,V,A,S,V,L,L,Q,A,V,L,Y,P,R,F,M,G,T,I,S,D,V,K,T,N,V,Q,L,
>CLC9A_HUMAN,269,0,0,0,1,Y,T,S,L,Q,W,D,S,P,A,P,D,T,Y,Q,K,C,L,S,S,N,K,C,S,G,A,C,C,L,V,M,V,I,S,C,V,F,C,M,G,L,L,T,A,S,I,F,L,G,V,K,
>CLC9A_MOUSE,269,0,0,0,2,A,S,Q,K,C,Q,S,P,S,K,C,S,G,A,W,C,V,V,T,M,I,S,C,V,V,C,M,G,L,L,A,T,S,I,F,L,G,I,K,F,F,Q,V,S,S,L,V,L,E,Q,Q,
>CLN5_BOVIN,250,0,0,0,1,I,K,K,F,Y,Y,P,F,K,P,H,L,S,T,K,E,F,L,L,S,L,L,Q,I,F,D,A,V,V,I,H,R,E,F,Y,L,F,Y,N,F,E,Y,W,F,L,P,M,K,Y,P,F,
>CLN5_CANLF,250,0,0,0,1,I,K,R,F,Y,Y,P,F,K,P,H,L,S,T,K,E,F,L,L,S,I,L,Q,I,F,D,A,V,I,I,H,R,E,F,Y,L,F,Y,N,F,E,Y,W,F,L,P,M,K,F,P,F,
>CLN5_HUMAN,269,0,0,0,1,X,X,A,Q,E,V,D,T,A,Q,G,A,E,M,R,R,G,A,G,A,A,R,G,R,A,S,W,C,W,A,L,A,L,L,W,L,A,V,V,P,G,W,S,R,V,S,G,I,P,S,R,
>CLN5_SHEEP,250,0,0,0,1,I,K,K,F,Y,Y,P,F,K,P,H,L,S,T,K,E,F,L,L,S,L,L,Q,I,F,D,A,V,V,I,H,R,E,F,Y,L,F,Y,N,F,E,Y,W,F,L,P,M,K,S,P,F,
>COHA1_BOVIN,269,0,0,0,1,A,P,T,W,C,P,C,G,S,W,C,S,W,W,K,W,L,L,G,L,L,L,T,W,L,L,L,L,G,L,L,F,G,L,I,A,L,A,E,E,V,R,K,L,K,A,R,V,E,E,L,
>COL12_HUMAN,269,0,0,0,2,F,G,I,Q,E,G,T,Q,C,T,K,C,K,N,N,W,A,L,K,F,S,I,I,L,L,Y,I,L,C,A,L,L,T,I,T,V,A,I,L,G,Y,K,V,V,E,K,M,D,N,V,T,
>CP4Z1_HUMAN,269,0,0,269,2,X,X,X,E,P,S,W,L,Q,E,L,M,A,H,P,F,L,L,L,I,L,L,C,M,S,L,L,L,F,Q,V,I,R,L,Y,Q,R,R,R,W,M,I,R,A,L,H,L,F,P,A,P,
>CR3L1_MOUSE,269,0,0,269,1,S,K,I,S,R,P,Y,K,M,A,A,T,Q,T,G,T,C,L,M,V,A,A,L,C,F,V,L,V,L,G,S,L,V,P,C,L,P,A,F,S,S,G,S,M,T,V,K,E,D,P,I,
>CR3L2_PONAB,250,0,0,250,1,G,K,V,S,R,T,C,K,L,A,G,T,Q,T,G,T,C,L,M,V,V,V,L,C,F,A,V,A,F,G,S,F,F,Q,G,Y,G,P,Y,P,S,A,T,K,M,A,L,P,S,Q,H,
>CR3L2_RAT,250,0,0,250,1,G,K,V,S,R,T,C,K,L,A,G,T,Q,T,G,T,C,L,M,V,V,V,L,C,F,A,V,A,F,G,S,L,F,Q,G,Y,G,L,Y,P,S,A,T,K,M,A,L,P,S,Q,H,
>CR3L3_BOVIN,250,0,0,250,1,Q,A,I,V,V,Q,S,T,S,K,S,A,Q,T,G,T,C,I,A,V,L,L,F,S,F,A,L,I,V,L,P,S,I,S,P,F,A,S,N,R,A,E,S,P,G,D,F,A,P,V,R,
>CR3L3_HUMAN,269,0,0,269,1,Q,A,I,V,V,Q,S,T,S,K,S,A,Q,T,G,T,C,V,A,V,L,L,L,S,F,A,L,I,I,L,P,S,I,S,P,F,G,P,N,K,T,E,S,P,G,D,F,A,P,V,R,
>CR3L3_MOUSE,250,0,0,250,1,Q,A,L,V,V,Q,S,T,S,K,P,A,H,A,G,T,C,I,A,V,L,L,L,S,F,A,L,I,I,L,P,S,I,S,P,F,N,S,N,K,V,D,S,P,G,D,F,V,P,V,R,
>CR3L3_RAT,250,0,0,250,1,Q,A,L,V,V,Q,S,T,S,K,P,A,H,A,G,T,C,I,A,V,L,L,L,S,F,V,L,I,I,L,P,S,I,S,P,F,T,A,N,K,V,D,S,P,G,D,F,I,P,V,R,
>CR3L4_HUMAN,305,0,305,1,2,Q,T,L,I,A,Q,T,S,N,K,A,A,Q,T,S,T,C,V,L,I,L,L,F,S,L,A,L,I,I,L,P,S,F,S,P,F,Q,S,R,P,E,A,G,S,E,D,Y,Q,P,H,G,
>CR3L4_MACFA,250,0,0,250,2,Q,T,L,I,A,Q,T,S,N,K,A,A,Q,T,S,T,C,V,L,I,L,L,F,S,L,A,L,I,I,L,P,S,F,S,P,F,Q,G,R,P,E,A,G,P,E,D,Y,Q,P,H,G,
>CR3L4_MOUSE,269,0,0,269,2,Q,K,L,T,A,Q,T,S,S,R,A,A,Q,T,S,T,C,V,L,I,L,L,F,S,L,A,L,I,I,L,P,S,F,S,P,F,Q,G,Q,S,E,A,R,P,E,D,Y,Q,L,H,G,
>CR3L4_RAT,250,0,0,250,2,Q,K,F,T,A,Q,T,S,S,R,A,A,Q,T,S,T,C,V,L,I,L,L,F,S,L,A,L,I,I,L,P,S,F,S,P,F,Q,S,Q,P,E,A,R,S,E,G,Y,Q,L,H,G,
>CREB3_BOVIN,250,0,250,250,3,A,M,V,I,Q,T,A,N,K,A,S,S,S,S,T,C,V,L,V,L,L,F,S,F,C,L,L,L,V,P,A,M,Y,S,S,D,T,R,G,S,L,P,A,E,H,R,V,L,S,R,Q,
>CREB3_HUMAN,269,0,269,269,3,A,M,V,I,E,I,S,N,K,T,S,S,S,S,T,C,I,L,V,L,L,V,S,F,C,L,L,L,V,P,A,M,Y,S,S,D,T,R,G,S,L,P,A,E,H,G,V,L,S,R,Q,
>CREB3_MOUSE,250,0,250,250,3,A,M,V,I,E,I,A,N,K,T,S,S,G,S,T,C,V,L,V,L,V,F,S,F,C,L,L,L,V,P,A,M,Y,S,S,D,A,R,G,S,V,P,A,E,Y,V,V,L,H,R,K,
>DHI1_CAVPO,269,0,0,269,1,X,X,X,X,X,X,X,X,X,X,A,F,L,K,K,Y,L,L,T,I,L,M,V,F,L,A,Y,Y,Y,Y,S,A,N,E,K,F,R,P,E,M,L,Q,G,K,K,V,I,V,T,G,A,
>DHI1_HUMAN,269,0,0,269,1,D,I,H,H,V,R,K,S,M,E,V,N,F,L,S,Y,V,V,L,T,V,A,A,L,P,M,L,K,Q,S,N,G,S,I,V,V,V,S,S,L,A,G,K,V,A,Y,P,M,V,A,A,
>DHI1_MESAU,269,0,0,269,2,E,I,H,A,L,R,K,A,M,E,V,N,F,I,S,Y,V,V,M,S,V,A,A,L,P,M,L,K,Q,S,N,G,S,I,V,V,V,S,S,I,A,G,K,M,A,H,P,L,V,A,S,
>DHI1_RABIT,269,0,0,269,1,D,I,H,H,V,R,K,E,M,E,V,N,F,L,S,Y,V,V,L,T,V,A,A,L,P,M,L,K,Q,S,N,G,S,I,V,V,V,S,S,L,A,G,K,I,A,H,P,L,I,A,P,
>DIK1A_HUMAN,250,0,0,250,2,K,P,Y,Y,L,Q,A,R,F,S,Y,V,R,M,K,Y,L,F,F,S,W,L,V,V,F,V,G,S,W,I,I,Y,V,Q,Y,S,T,Y,T,E,L,C,R,G,K,D,C,K,K,I,I,
>DIK1A_MOUSE,269,0,0,269,2,K,P,H,Y,L,Q,A,R,L,S,Y,M,R,V,K,Y,L,F,F,S,W,L,V,V,F,V,G,S,W,I,I,Y,V,Q,Y,S,T,Y,T,E,L,C,R,G,K,D,C,K,K,I,I,
>DIK1B_HUMAN,250,0,0,250,2,P,F,S,K,R,L,Q,G,R,L,P,G,L,R,V,R,C,I,F,L,A,W,L,G,V,F,A,G,S,W,L,V,Y,V,H,Y,S,S,Y,S,E,R,C,R,G,H,V,C,Q,V,V,
>DIK1B_MOUSE,269,0,0,269,1,F,S,K,G,L,Q,G,R,L,P,G,L,R,V,K,Y,V,L,L,V,W,L,G,I,F,V,G,S,W,M,V,Y,V,H,Y,S,S,Y,S,E,L,C,R,G,H,V,C,Q,V,V,I,
>DIK1C_HUMAN,250,0,0,250,1,G,P,A,G,W,C,R,R,R,G,R,C,G,R,G,T,L,L,A,F,A,A,W,T,A,G,W,V,L,A,A,A,L,L,L,R,A,H,P,G,V,L,S,E,R,C,T,D,E,K,S,
>DIK1C_MOUSE,269,0,0,269,1,A,G,E,R,G,R,A,A,R,C,G,R,W,R,R,G,A,L,L,A,F,A,A,W,T,A,G,W,V,L,A,A,A,L,L,L,R,A,H,P,S,V,L,S,E,R,C,T,D,E,K,
>DOPO_BOVIN,305,0,0,0,2,Q,V,P,S,P,S,V,R,E,A,A,S,M,Y,G,T,A,V,A,V,F,L,V,I,L,V,A,A,L,Q,G,S,A,P,A,E,S,P,F,P,F,H,I,P,L,D,P,E,G,T,L,
>DOPO_CANLF,250,0,0,0,2,Q,V,P,S,P,S,A,R,E,A,A,S,M,Y,G,T,A,V,A,V,F,L,V,L,L,V,A,V,L,Q,G,L,A,P,P,E,S,P,L,P,Y,R,I,P,L,D,P,K,G,D,L,
>DOPO_HORSE,250,0,0,0,2,K,V,P,S,P,S,V,R,E,A,A,S,M,Y,G,T,A,V,A,I,F,L,V,I,L,V,A,A,L,Q,G,S,E,P,P,E,S,P,F,P,Y,R,I,P,L,D,P,E,G,T,L,
>DOPO_HUMAN,305,0,0,0,1,P,A,L,S,R,W,A,S,L,P,G,P,S,M,R,E,A,A,F,M,Y,S,T,A,V,A,I,F,L,V,I,L,V,A,A,L,Q,G,S,A,P,R,E,S,P,L,P,Y,H,I,P,
>DOPO_MOUSE,305,0,0,0,2,S,L,P,S,P,S,V,R,E,A,A,S,M,Y,G,T,A,V,A,I,F,L,V,I,L,V,A,A,L,R,G,S,E,P,P,E,S,P,F,P,Y,H,I,P,L,D,P,E,G,I,L,
>DOPO_RAT,250,0,0,0,2,S,L,P,S,P,S,V,R,E,A,A,S,M,Y,G,T,A,V,A,I,F,L,V,I,L,V,A,A,L,Q,G,S,E,P,P,E,S,P,F,P,Y,H,I,P,L,D,P,E,G,T,L,
>DRS7B_BOVIN,250,0,0,250,2,X,X,X,V,S,A,A,T,R,K,S,L,L,R,A,R,V,M,D,F,I,T,S,T,A,I,L,P,L,L,L,G,C,V,G,L,F,S,L,F,K,L,L,Q,W,L,R,M,R,A,Y,
>DRS7B_HUMAN,250,0,0,250,3,K,S,L,P,K,V,K,A,M,D,F,I,T,S,T,A,I,L,P,L,L,F,G,C,L,G,V,F,G,L,F,R,L,L,Q,W,V,R,G,K,A,Y,L,R,N,A,V,V,V,I,T,
>DRS7B_MOUSE,250,0,0,250,2,X,X,X,I,S,P,S,F,R,K,G,M,L,K,E,R,V,M,D,L,A,S,Q,T,T,I,L,P,L,L,F,G,C,L,G,I,F,S,L,F,R,L,L,Q,R,I,R,S,K,A,Y,
>DRS7B_RAT,269,0,0,269,2,X,X,X,I,S,P,S,S,R,K,G,M,L,K,E,R,A,M,D,L,V,T,Q,T,T,I,L,P,L,L,F,G,C,L,G,I,F,S,L,F,R,L,L,Q,R,T,R,S,K,A,Y,
>ECE2_BOVIN,305,0,269,0,2,A,S,P,D,A,V,E,A,G,F,R,K,R,T,S,R,L,L,G,L,H,T,Q,L,E,L,V,L,A,G,V,S,L,L,L,A,A,L,L,L,G,C,L,V,A,L,G,V,Q,Y,H,
>ECE2_HUMAN,305,0,250,0,1,F,Q,K,G,T,R,Q,L,L,G,S,R,T,Q,L,E,L,V,L,A,G,A,S,L,L,L,A,A,L,L,L,G,C,L,V,A,L,G,V,Q,Y,H,R,D,P,S,H,S,T,C,L,
>ECE2_MOUSE,305,0,250,0,2,A,T,R,D,S,L,E,V,G,F,Q,K,R,T,R,Q,L,F,G,S,H,T,Q,L,E,L,V,L,A,G,L,I,L,V,L,A,A,L,L,L,G,C,L,V,A,L,W,V,H,R,D,
>EDEM1_HUMAN,269,0,0,269,3,X,X,X,X,X,X,X,X,X,X,X,X,X,Q,W,R,A,L,V,L,G,L,V,L,L,R,L,G,L,H,G,V,L,W,L,V,F,G,L,G,P,S,M,G,F,Y,Q,R,F,P,L,
>EDEM1_MOUSE,305,0,0,250,3,X,X,X,X,X,X,X,X,X,X,X,X,X,Q,W,R,A,L,V,L,G,L,V,L,L,R,L,G,L,H,A,V,L,W,L,V,F,G,L,G,P,S,M,G,F,Y,Q,R,F,P,L,
>EFCE2_BOVIN,305,0,269,0,2,V,D,Q,V,L,N,E,A,G,F,R,K,R,T,S,R,L,L,G,L,H,T,Q,L,E,L,V,L,A,G,V,S,L,L,L,A,A,L,L,L,G,C,L,V,A,L,G,V,Q,Y,H,
>EFCE2_MOUSE,250,0,250,0,2,V,D,Q,V,L,S,E,V,G,F,Q,K,R,T,R,Q,L,F,G,S,H,T,Q,L,E,L,V,L,A,G,L,I,L,V,L,A,A,L,L,L,G,C,L,V,A,L,W,V,H,R,D,
>ERAP1_HUMAN,305,0,0,305,2,X,X,X,X,X,X,X,X,X,V,F,L,P,L,K,W,S,L,A,T,M,S,F,L,L,S,S,L,L,A,L,L,T,V,S,T,P,S,W,C,Q,S,T,E,A,S,P,K,R,S,D,
>ERAP1_MOUSE,250,0,0,250,2,L,A,C,V,R,N,Y,Q,P,C,V,Q,R,A,E,R,Y,F,R,E,W,K,S,S,N,G,N,M,S,I,P,I,D,V,T,L,A,V,F,A,V,G,A,Q,N,T,E,G,W,D,F,
>ERAP1_RAT,250,0,0,250,1,X,X,X,X,X,X,X,X,X,X,X,X,X,X,P,S,L,L,S,L,V,L,T,F,L,A,V,S,S,P,S,C,C,Q,N,S,D,T,A,S,P,K,A,S,N,G,A,S,F,P,W,
>ERAP2_BOVIN,250,0,0,250,1,X,X,X,X,X,X,X,X,X,X,A,N,S,C,R,K,L,I,F,N,I,Y,V,V,F,Y,C,S,A,V,I,M,P,Q,I,C,I,C,S,Q,F,T,S,S,P,I,D,Q,F,N,K,
>ERAP2_HUMAN,269,0,0,269,1,X,X,X,F,H,S,S,A,M,V,N,S,H,R,K,P,M,F,N,I,H,R,G,F,Y,C,L,T,A,I,L,P,Q,I,C,I,C,S,Q,F,S,V,P,S,S,Y,H,F,T,E,D,
>ERAP2_PONAB,250,0,0,250,2,V,N,S,H,R,K,S,M,F,N,I,H,K,G,F,Y,C,L,A,A,I,L,P,Q,I,C,I,C,S,Q,F,S,V,P,S,S,Y,H,F,S,E,D,P,G,A,F,P,V,A,T,N,
>ERLN1_HUMAN,269,0,0,269,1,X,X,X,X,X,X,X,X,X,X,N,M,T,Q,A,R,V,L,V,A,A,V,V,G,L,V,A,V,L,L,Y,A,S,I,H,K,I,E,E,G,H,L,A,V,Y,Y,R,G,G,A,L,
>ERLN1_MOUSE,250,0,0,250,1,X,X,X,X,X,X,X,X,X,X,N,M,T,Q,A,R,L,L,V,A,A,V,V,G,L,V,A,I,L,L,Y,A,S,I,H,K,I,E,E,G,H,L,A,V,Y,Y,R,G,G,A,L,
>ERLN2_BOVIN,250,0,0,250,3,X,X,X,X,X,X,X,X,X,X,X,A,Q,L,G,A,V,V,A,V,A,A,S,F,F,C,A,S,L,F,S,A,V,H,K,I,E,E,G,H,I,G,V,Y,Y,R,G,G,A,L,L,
>ERLN2_HUMAN,269,0,0,269,1,X,X,X,X,X,X,X,X,X,X,X,A,Q,L,G,A,V,V,A,V,A,S,S,F,F,C,A,S,L,F,S,A,V,H,K,I,E,E,G,H,I,G,V,Y,Y,R,G,G,A,L,L,
>ERLN2_MOUSE,250,0,0,250,1,X,X,X,X,X,X,X,X,X,X,X,A,Q,L,G,A,V,V,A,V,A,S,S,F,F,C,A,S,L,F,S,A,V,H,K,I,E,E,G,H,I,G,V,Y,Y,R,G,G,A,L,L,
>EXT1_BOVIN,250,0,250,250,1,X,X,X,X,X,X,X,X,X,X,Q,A,K,K,R,Y,F,I,L,L,S,A,G,S,C,L,A,L,L,F,Y,F,G,G,L,Q,F,R,A,S,R,S,H,S,R,R,E,E,H,S,G,
>EXT2_BOVIN,250,0,250,250,1,N,I,R,G,P,A,L,I,P,R,M,K,T,K,H,R,I,Y,Y,I,T,L,F,S,I,V,L,L,G,L,I,A,T,G,M,F,Q,F,W,P,H,S,I,E,S,S,G,D,W,S,V,
>EXT2_HUMAN,269,0,269,269,1,N,I,R,G,P,A,L,I,P,R,M,K,T,K,H,R,I,Y,Y,I,T,L,F,S,I,V,L,L,G,L,I,A,T,G,M,F,Q,F,W,P,H,S,I,E,S,S,N,D,W,N,V,
>EXT2_MOUSE,269,0,269,250,1,N,I,R,G,P,A,L,I,P,R,M,K,T,K,H,R,I,Y,Y,V,T,L,F,S,I,V,L,L,G,L,I,A,T,G,M,F,Q,F,W,P,H,S,I,E,S,S,S,D,G,G,V,
>EXTL1_HUMAN,250,0,0,250,2,X,X,X,X,X,X,X,X,Q,S,W,R,R,R,K,S,L,W,L,A,L,S,A,S,W,L,L,L,V,L,L,G,G,F,S,L,L,R,L,A,L,P,P,R,P,R,P,G,A,S,Q,
>EXTL1_MOUSE,250,0,0,250,2,X,X,X,X,X,X,X,X,X,X,L,W,R,R,K,S,F,W,L,A,L,S,A,F,W,L,L,L,V,L,L,G,V,F,P,L,R,L,A,V,L,P,G,P,L,P,G,R,S,Q,G,
>EXTL2_HUMAN,250,0,0,250,2,C,K,L,P,G,R,V,M,G,I,R,V,L,R,L,S,L,V,V,I,L,V,L,L,L,V,A,G,A,L,T,A,L,L,P,S,V,K,E,D,K,M,L,M,L,R,R,E,I,K,S,
>EXTL2_MOUSE,250,0,0,250,1,C,K,L,P,G,R,V,M,G,I,R,V,L,R,F,S,L,V,V,I,L,V,L,L,L,V,A,G,A,L,T,N,L,L,P,N,I,K,E,D,K,M,L,T,L,R,R,E,I,K,S,
>EXTL3_HUMAN,269,0,269,269,1,G,A,G,N,G,G,Q,T,C,M,L,R,W,S,N,R,I,R,L,T,W,L,S,F,T,L,F,V,I,L,V,F,F,P,L,I,A,H,Y,Y,L,T,T,L,D,E,A,D,E,A,G,
>EXTL3_MOUSE,250,0,250,250,2,G,V,G,N,G,G,Q,T,C,M,L,R,W,S,N,R,I,R,L,T,W,L,S,F,T,L,F,I,I,L,V,F,F,P,L,I,A,H,Y,Y,L,T,T,L,D,E,A,D,E,A,G,
>FICD_CRIGR,250,0,0,250,2,X,X,X,P,M,A,S,V,I,A,V,A,E,P,K,W,I,S,V,W,G,R,F,L,W,L,T,L,L,S,M,A,L,G,S,L,L,A,L,L,L,P,L,G,A,V,E,E,Q,C,L,
>FICD_HUMAN,305,0,0,269,1,S,V,M,A,V,T,E,P,K,W,V,S,V,W,S,R,F,L,W,V,T,L,L,S,M,V,L,G,S,L,L,A,L,L,L,P,L,G,A,V,E,E,Q,C,L,A,V,L,K,G,L,
>FICD_MOUSE,250,0,0,250,1,S,V,V,A,V,A,E,P,K,W,V,S,V,W,G,R,F,L,W,M,A,L,L,S,M,A,L,G,S,L,L,A,L,L,L,P,L,G,V,V,E,E,H,C,L,A,V,L,R,G,F,
>FICD_RAT,250,0,0,250,1,S,V,V,A,V,A,E,P,K,W,V,S,V,W,G,R,F,L,W,M,T,L,L,S,M,A,L,G,S,L,L,A,L,L,L,P,L,G,A,V,E,E,Q,C,L,A,V,L,R,G,F,
>FKTN_HUMAN,305,0,269,0,1,X,X,X,X,X,X,X,X,X,X,S,R,I,N,K,N,V,V,L,A,L,L,T,L,T,S,S,A,F,L,L,F,Q,L,Y,Y,Y,K,H,Y,L,S,T,K,N,G,A,G,L,S,K,
>FKTN_MOUSE,305,0,269,305,1,X,X,X,X,X,X,X,X,X,X,S,R,I,N,K,N,V,V,L,A,L,L,T,L,T,S,S,A,F,L,L,F,Q,L,Y,Y,Y,K,H,Y,L,S,A,R,N,G,P,G,S,S,K,
>FUT10_BOVIN,250,0,250,0,1,X,X,X,X,X,X,X,X,X,V,R,I,Q,R,G,K,L,L,A,F,C,L,C,V,M,A,T,V,F,L,L,I,T,L,Q,V,V,V,E,L,G,K,F,E,G,K,K,F,K,N,S,
>FUT10_CANLF,250,0,250,0,1,X,X,X,X,X,X,X,X,X,V,W,I,Q,R,R,R,L,L,A,S,C,L,C,I,T,A,T,V,F,L,L,V,T,L,Q,V,V,V,E,L,G,K,F,E,R,K,K,F,K,N,S,
>FUT10_HUMAN,269,0,269,0,1,X,X,X,X,X,X,X,X,X,V,R,I,Q,R,R,K,L,L,A,S,C,L,C,V,T,A,T,V,F,L,L,V,T,L,Q,V,M,V,E,L,G,K,F,E,R,K,E,F,K,S,S,
>FUT10_MOUSE,250,0,250,0,1,X,X,X,X,X,X,X,X,X,V,R,F,Q,R,R,K,L,L,A,S,C,L,C,V,T,A,T,V,F,L,M,V,T,L,Q,V,V,V,E,L,G,K,F,E,R,K,K,L,K,D,S,
>FUT10_RAT,250,0,250,0,1,X,X,X,X,X,X,X,X,X,V,R,I,P,R,R,K,L,L,P,S,C,L,C,M,T,A,T,V,F,L,M,V,T,V,Q,V,L,V,E,L,G,K,F,E,R,K,K,F,K,N,S,
>FUT11_HUMAN,250,0,250,0,1,X,X,X,X,X,X,X,X,X,X,A,A,G,P,I,R,V,V,L,V,L,L,G,V,L,S,V,C,A,A,S,G,H,G,S,V,A,E,R,E,A,G,G,E,A,E,W,A,E,P,W,
>FUT11_MOUSE,250,0,250,0,2,X,X,X,X,X,X,X,X,X,A,A,R,C,T,E,A,V,L,A,A,L,G,V,L,S,V,C,S,A,S,S,S,G,S,E,A,S,G,E,A,E,R,E,E,P,W,D,G,A,V,F,
>FUT11_RAT,250,0,250,0,2,X,X,X,X,X,X,X,X,X,X,A,A,R,Y,T,E,A,V,L,A,A,L,G,V,L,S,V,C,S,A,S,S,S,S,G,S,G,A,S,G,K,A,G,G,E,A,E,W,A,E,P,
>FUT1_ALOBE,250,0,250,0,1,X,X,X,X,X,X,X,X,X,W,P,L,S,H,R,H,L,C,L,A,F,L,L,V,C,V,L,S,A,I,S,F,F,L,H,V,H,Q,D,S,F,R,H,G,L,G,L,S,L,L,C,
>FUT1_AOTAZ,250,0,250,0,1,X,X,X,X,X,X,X,X,X,W,P,L,S,H,R,H,L,C,L,A,F,L,L,V,C,V,L,S,A,I,S,F,F,L,H,I,H,Q,D,S,I,R,H,G,L,G,L,S,V,L,C,
>FUT1_ATEBE,250,0,250,0,1,X,X,X,X,X,X,X,X,X,W,P,L,S,H,R,H,L,C,L,A,F,L,L,V,C,V,L,S,A,I,S,F,F,L,H,I,H,Q,D,S,F,R,H,G,L,G,L,S,V,L,C,
>FUT1_BOVIN,250,0,250,0,1,X,X,X,X,X,X,X,X,X,W,A,P,G,H,H,H,L,C,L,I,F,L,L,T,C,V,F,A,C,V,F,F,L,L,I,H,Q,N,L,F,H,S,G,L,D,L,F,L,P,C,P,
>FUT1_GORGO,250,0,250,0,1,X,X,X,X,X,X,X,X,X,W,P,P,S,H,R,Q,L,C,R,A,F,L,L,V,C,V,F,S,V,I,S,F,F,L,H,I,H,Q,D,S,F,P,H,G,L,G,L,S,I,L,C,
>FUT1_LEOCY,250,0,250,0,1,X,X,X,X,X,X,X,X,X,W,P,L,S,H,R,H,L,C,L,A,F,L,L,V,C,V,L,S,A,I,S,F,F,L,H,L,Y,Q,D,S,I,R,H,G,L,G,L,S,I,L,C,
>FUT1_MOUSE,305,0,305,0,1,X,X,X,X,X,X,X,X,X,W,T,P,S,R,R,Q,L,C,L,A,F,L,L,V,C,V,L,S,A,G,S,F,F,F,H,L,N,G,G,N,F,F,R,N,G,L,T,L,S,V,L,
>FUT1_PIG,250,0,250,0,1,X,X,X,X,X,X,X,X,X,W,V,P,S,R,R,H,L,C,L,T,F,L,L,V,C,V,L,A,A,I,F,F,L,N,V,Y,Q,D,L,F,Y,S,G,L,D,L,L,A,L,C,P,
>FUT1_PLEBR,250,0,250,0,1,X,X,X,X,X,X,X,X,X,W,P,L,S,H,R,H,L,C,L,A,F,L,L,V,C,V,L,S,A,I,S,F,F,L,H,I,H,Q,D,S,F,R,H,G,L,S,L,S,V,L,C,
>FUT1_RABIT,250,0,250,0,1,X,X,X,X,X,X,X,X,X,W,P,P,S,R,R,Q,L,C,L,A,F,L,L,V,C,A,L,S,A,F,S,F,L,L,H,L,H,Q,D,L,F,R,N,G,L,A,L,S,L,P,C,
>FUT1_RAT,250,0,250,0,1,X,X,X,X,X,X,X,X,X,W,T,P,S,R,K,Q,L,C,L,A,F,L,S,V,C,V,L,S,A,G,S,F,F,F,H,L,N,G,G,N,F,F,Q,N,A,L,T,F,S,V,L,
>FUT1_SAIBB,250,0,250,0,1,X,X,X,X,X,X,X,X,X,W,P,R,S,H,R,H,L,C,L,A,F,L,L,V,C,V,L,S,A,I,S,F,L,I,H,F,H,Q,D,S,I,R,H,G,L,G,L,S,V,L,C,
>FUT1_SAPAP,250,0,250,0,1,X,X,X,X,X,X,X,X,X,W,P,L,S,H,R,H,L,C,L,A,F,L,L,V,C,V,L,S,A,I,S,F,F,L,H,I,H,Q,D,S,I,R,H,G,L,G,L,S,V,L,C,
>FUT2_BOVIN,250,0,250,0,1,X,X,X,X,X,X,X,X,X,X,X,F,S,T,Q,T,F,F,F,F,P,T,A,P,F,I,L,F,V,F,T,A,S,T,I,F,H,L,H,Q,R,L,E,K,M,Q,P,T,W,E,L,
>FUT2_GORGO,250,0,250,0,1,X,X,X,L,V,V,Q,M,P,F,S,F,P,M,A,H,F,I,L,F,V,F,T,V,S,T,I,F,H,V,Q,Q,R,L,A,K,I,Q,A,M,W,E,L,P,V,Q,I,P,V,L,A,
>FUT2_HYLLA,250,0,250,0,2,X,X,L,V,V,Q,M,P,F,S,F,P,M,A,H,F,I,L,F,V,F,T,V,S,T,I,F,H,V,Q,Q,R,L,A,K,I,Q,A,M,W,E,L,P,V,Q,I,P,V,L,A,S,
>FUT2_MOUSE,250,0,250,0,2,X,X,A,S,A,Q,V,P,F,S,F,P,L,A,H,F,L,I,F,V,F,V,T,S,T,I,I,H,L,Q,Q,R,I,V,K,L,Q,T,L,S,E,K,E,L,Q,A,V,Q,M,S,S,
>FUT2_PIG,250,0,250,0,1,X,X,X,L,S,M,Q,A,S,F,F,F,P,T,G,P,F,I,L,F,V,F,T,A,S,T,I,F,H,L,Q,Q,R,M,V,K,I,Q,P,T,W,E,L,Q,M,V,T,Q,V,T,T,
>FUT2_PONPY,250,0,250,0,2,X,X,L,V,V,Q,M,P,F,S,F,P,V,A,H,F,I,L,F,V,F,T,V,S,T,I,F,H,I,Q,Q,R,L,A,K,I,Q,A,M,W,E,L,P,E,Q,I,P,V,L,A,S,
>FUT2_RAT,250,0,250,0,1,X,X,X,A,S,A,Q,V,P,F,S,F,P,L,A,H,F,L,I,F,V,F,V,T,S,T,I,T,H,L,Q,Q,R,I,V,K,L,Q,P,L,S,E,K,E,L,P,M,T,T,Q,M,
>FUT3_BOVIN,250,0,250,0,1,X,X,Y,P,P,G,C,A,K,V,K,C,S,W,H,H,C,L,P,G,L,L,L,Q,L,L,L,A,L,C,F,F,S,Y,L,R,M,S,Q,E,K,P,K,P,K,P,M,W,V,S,E,
>FUT3_HUMAN,269,0,1,0,1,X,X,D,P,L,G,A,A,K,P,Q,W,P,W,R,R,C,L,A,A,L,L,F,Q,L,L,V,A,V,C,F,F,S,Y,L,R,V,S,R,D,D,A,T,G,S,P,R,A,P,S,G,
>FUT3_PANTR,250,0,250,0,1,X,X,D,P,L,G,A,A,K,P,Q,W,P,W,R,R,C,L,A,A,L,L,F,Q,L,L,V,A,V,C,F,F,S,Y,L,R,V,S,R,D,D,A,T,G,S,P,R,P,G,L,M,
>FUT3_PONPY,250,0,250,0,1,X,X,D,P,L,G,A,A,K,T,Q,W,P,W,R,R,C,L,A,A,L,L,F,Q,L,L,V,A,V,C,F,F,S,Y,L,R,V,S,R,D,D,A,T,G,S,P,R,P,G,L,M,
>FUT4_BOVIN,250,0,250,0,1,G,R,R,G,A,R,R,G,G,P,G,L,P,G,T,H,L,A,L,L,A,A,S,L,L,S,S,S,V,A,I,Y,V,C,W,K,Q,L,P,P,L,P,W,A,S,P,S,P,P,R,P,
>FUT4_PANTR,250,0,250,0,2,A,G,G,R,R,R,W,R,R,G,R,G,L,P,W,T,V,C,V,L,A,A,A,G,L,T,C,T,A,L,I,T,Y,A,C,W,G,Q,L,P,P,L,P,W,A,S,P,T,P,S,R,
>FUT5_GORGO,250,0,250,0,1,X,X,D,P,L,G,P,A,K,P,Q,W,L,W,R,R,C,L,A,G,L,L,F,Q,L,L,V,A,V,C,F,F,S,Y,L,R,V,S,Q,D,H,A,T,G,S,P,R,P,G,L,M,
>FUT5_HYLLA,250,0,250,0,1,X,X,D,L,L,G,A,A,K,P,Q,W,P,W,R,R,C,L,A,G,L,L,F,Q,L,L,V,A,V,C,F,F,S,Y,L,R,V,S,R,D,D,A,T,G,S,P,R,P,R,L,M,
>FUT5_PANTR,250,0,250,0,1,X,X,D,P,L,G,P,A,K,P,Q,W,L,W,R,R,C,L,A,G,L,L,F,Q,L,L,V,A,V,C,F,F,S,Y,L,R,V,S,R,D,D,A,T,G,S,P,R,P,G,L,M,
>FUT5_PONPY,250,0,250,0,1,X,X,D,P,L,G,P,A,K,P,Q,W,P,W,R,R,C,L,A,A,L,L,F,Q,L,L,V,A,V,C,F,F,S,Y,L,R,V,S,R,D,D,A,T,G,S,P,R,P,G,L,M,
>FUT6_GORGO,250,0,250,0,2,X,X,X,D,P,L,G,P,A,K,P,Q,W,S,C,R,C,C,L,T,T,L,L,F,Q,L,L,V,A,V,C,F,F,S,Y,L,R,V,S,R,D,D,P,T,V,Y,P,N,G,S,R,
>FUT6_PANTR,250,0,250,0,1,X,X,X,D,P,L,G,P,A,K,P,Q,W,S,W,R,C,C,L,T,T,L,L,F,Q,L,L,V,A,V,C,F,F,S,Y,L,R,V,S,R,D,D,P,T,V,Y,P,N,G,S,H,
>FUT6_PONPY,250,0,250,0,1,X,X,X,D,P,L,G,P,A,K,T,Q,W,S,W,R,C,C,L,T,A,L,L,F,Q,L,L,V,A,V,C,F,F,S,Y,L,R,V,S,R,D,D,P,T,V,Y,P,N,G,S,P,
>FUT8_BOVIN,250,0,250,0,1,X,X,X,X,X,X,X,R,P,W,T,G,S,W,R,W,I,M,L,I,L,F,A,W,G,T,L,L,F,Y,I,G,G,H,L,V,R,D,N,D,H,P,D,H,S,S,R,E,L,S,K,
>FUT8_CANLF,250,0,250,0,1,X,X,X,X,X,X,X,R,P,W,T,G,S,W,R,W,I,M,L,I,L,F,A,W,G,T,L,L,F,Y,I,G,G,H,L,V,R,D,N,D,H,P,D,H,S,S,R,E,L,S,K,
>FUT8_HUMAN,250,0,250,0,1,X,X,X,X,X,X,X,R,P,W,T,G,S,W,R,W,I,M,L,I,L,F,A,W,G,T,L,L,F,Y,I,G,G,H,L,V,R,D,N,D,H,P,D,H,S,S,R,E,L,S,K,
>FUT8_MOUSE,250,0,250,0,1,X,X,X,X,X,X,X,R,A,W,T,G,S,W,R,W,I,M,L,I,L,F,A,W,G,T,L,L,F,Y,I,G,G,H,L,V,R,D,N,D,H,P,D,H,S,S,R,E,L,S,K,
>FUT8_PIG,250,0,250,0,1,X,X,X,X,X,X,X,R,P,W,T,G,S,W,R,W,I,M,L,I,L,F,A,W,G,T,L,L,F,Y,I,G,G,H,L,V,R,D,N,D,H,S,D,H,S,S,R,E,L,S,K,
>FUT9_BOVIN,250,0,250,0,1,X,X,X,X,X,X,T,S,A,S,K,G,I,L,R,P,F,L,I,V,C,I,I,L,A,C,S,M,V,C,L,F,I,Y,I,K,P,T,N,S,W,I,F,S,P,M,E,S,A,S,S,
>FUT9_CANLF,250,0,250,0,1,X,X,X,X,X,X,T,S,A,S,K,G,I,L,R,P,F,L,I,V,C,I,I,L,G,C,F,M,A,C,L,L,I,Y,I,K,P,T,N,S,W,I,F,S,P,M,E,S,A,S,S,
>G3ST1_BOVIN,305,0,305,0,1,X,X,P,L,P,Q,K,K,R,W,E,S,M,A,K,G,L,V,L,G,A,L,F,T,S,F,L,L,L,L,Y,S,Y,A,V,P,P,L,Y,T,G,L,A,S,T,T,P,E,G,A,A,
>G3ST1_HUMAN,305,0,305,0,1,X,X,L,P,P,Q,K,K,P,W,E,S,M,A,K,G,L,V,L,G,A,L,F,T,S,F,L,L,L,V,Y,S,Y,A,V,P,P,L,H,A,G,L,A,S,T,T,P,E,A,A,A,
>G3ST1_MOUSE,305,0,305,0,1,X,X,T,L,L,P,K,K,P,C,K,S,K,A,K,G,L,L,L,G,A,L,F,T,S,F,L,L,L,L,Y,S,Y,V,V,P,P,L,Y,P,N,M,A,F,T,T,S,E,A,A,A,
>G3ST2_HUMAN,305,0,305,0,1,X,X,X,X,M,S,M,L,G,G,L,Q,R,Y,F,R,V,I,L,L,L,L,L,A,L,T,L,L,L,L,A,G,F,L,H,S,D,L,E,L,D,T,P,L,F,G,G,Q,A,E,G,
>G3ST2_MOUSE,305,0,305,0,1,X,X,X,X,X,X,X,W,G,S,Q,H,R,S,F,Q,V,A,L,W,F,L,V,L,A,V,F,L,L,V,G,F,L,H,V,D,F,R,L,L,I,P,D,K,V,Q,E,P,P,V,T,
>G3ST2_PIG,305,0,305,0,1,X,X,X,X,X,X,X,L,S,A,L,G,G,L,Q,R,C,F,W,A,I,L,L,L,A,L,T,V,S,L,L,A,G,F,L,H,K,D,V,R,L,L,M,P,L,L,K,G,Q,A,E,
>G3ST3_BOVIN,250,0,250,0,1,P,I,F,Q,R,L,Q,Q,A,T,K,M,S,R,R,K,I,L,L,L,V,L,G,C,S,T,L,S,L,L,I,H,Q,G,A,Q,L,S,W,Y,P,K,L,F,P,L,S,C,P,P,L,
>G3ST3_HUMAN,305,0,305,0,1,I,L,Q,R,L,Q,Q,A,T,K,M,M,S,R,R,K,I,L,L,L,V,L,G,C,S,T,V,S,L,L,I,H,Q,G,A,Q,L,S,W,Y,P,K,L,F,P,L,S,C,P,P,L,
>G3ST3_MOUSE,305,0,305,0,1,I,L,Q,R,L,Q,Q,S,T,K,M,M,S,H,R,K,I,L,L,L,V,L,G,C,S,T,V,S,L,L,I,H,Q,G,S,Q,L,S,W,Y,P,K,L,F,P,L,S,C,P,P,L,
>G3ST4_BOVIN,305,0,305,0,1,G,V,L,S,P,T,R,T,M,R,L,W,G,P,R,S,L,G,V,A,L,G,V,F,M,T,I,G,F,A,L,Q,L,L,G,G,P,F,Q,R,R,L,P,G,L,Q,L,R,H,S,W,
>G3ST4_HUMAN,305,0,305,0,1,G,P,L,S,P,A,R,T,L,R,L,W,G,P,R,S,L,G,V,A,L,G,V,F,M,T,I,G,F,A,L,Q,L,L,G,G,P,F,Q,R,R,L,P,G,L,Q,L,R,Q,P,S,
>GAK1B_HUMAN,305,0,305,0,1,R,V,R,K,L,W,S,S,R,R,P,R,T,R,R,N,L,L,L,G,T,A,C,A,I,Y,L,G,F,L,V,S,Q,V,G,R,A,S,L,Q,H,G,Q,A,A,E,K,G,P,H,R,
>GAK1B_MOUSE,250,0,250,0,1,R,V,C,K,L,W,S,S,R,R,P,R,T,R,R,N,L,L,L,G,T,A,C,A,I,Y,L,G,F,L,V,S,Q,V,G,R,G,S,F,Q,H,G,Q,A,T,D,R,G,P,P,N,
>GAK1B_RAT,250,0,250,0,1,R,V,C,K,L,W,S,S,R,R,P,R,T,R,R,N,L,L,L,G,T,A,C,A,I,Y,L,G,F,L,V,S,Q,V,G,K,G,S,F,Q,H,G,Q,A,T,N,R,G,P,P,N,
>GALT1_BOVIN,250,0,250,0,2,X,X,X,X,X,X,X,X,X,R,K,F,A,Y,C,K,V,V,L,A,T,S,L,I,W,V,L,L,D,M,F,L,L,L,Y,F,S,E,C,N,K,C,D,E,K,K,E,R,G,L,P,
>GALT1_MOUSE,250,0,250,0,2,X,X,X,X,X,X,X,X,X,R,K,F,A,Y,C,K,V,V,L,A,T,S,L,V,W,V,L,L,D,M,F,L,L,L,Y,F,S,E,C,N,K,C,E,E,K,Q,E,R,G,L,P,
>GALT2_HUMAN,269,0,269,0,1,X,X,X,X,X,X,X,X,X,X,X,R,R,R,S,R,M,L,L,C,F,A,F,L,W,V,L,G,I,A,Y,Y,M,Y,S,G,G,G,S,A,L,A,G,G,A,G,G,G,A,G,R,
>GALT3_HUMAN,269,0,269,0,2,L,K,R,L,V,K,L,H,I,K,R,H,Y,H,K,K,F,W,K,L,G,A,V,I,F,F,F,I,I,V,L,V,L,M,Q,R,E,V,S,V,Q,Y,S,K,E,E,S,R,M,E,R,
>GALT3_MOUSE,250,0,250,0,1,L,H,I,K,R,H,Y,H,R,K,F,W,K,L,G,A,V,I,F,F,F,L,V,V,L,I,L,M,Q,R,E,V,S,V,Q,Y,S,K,E,E,S,K,M,E,R,N,L,K,N,K,N,
>GALT4_HUMAN,305,0,305,0,1,X,X,X,X,X,X,A,V,R,W,T,W,A,G,K,S,C,L,L,L,A,F,L,T,V,A,Y,I,F,V,E,L,L,V,S,T,F,H,A,S,A,G,A,G,R,A,R,E,L,G,S,
>GALT4_MOUSE,250,0,250,0,1,X,X,X,X,X,X,A,V,R,W,T,W,A,G,K,S,C,L,L,L,A,L,L,T,L,A,Y,I,L,V,E,F,S,V,S,T,L,Y,A,S,P,G,A,G,G,A,R,E,L,G,P,
>GALT5_HUMAN,250,0,250,0,1,X,X,X,X,N,R,I,R,K,F,F,R,G,S,G,R,V,L,A,F,I,F,V,A,S,V,I,W,L,L,F,D,M,A,A,L,R,L,S,F,S,E,I,N,T,R,V,I,K,E,D,
>GALT5_MOUSE,250,0,250,0,1,X,X,X,X,N,K,I,R,K,F,F,R,G,S,G,R,V,L,A,F,I,F,A,A,S,V,I,W,L,L,F,D,M,A,A,L,R,L,S,F,S,E,I,N,A,G,L,L,K,E,D,
>GALT5_RAT,250,0,250,0,1,X,X,X,X,N,K,I,R,K,F,F,R,G,S,G,R,V,L,A,F,I,F,V,A,S,V,I,W,L,L,F,D,M,A,A,L,R,L,S,F,S,E,I,N,T,G,I,L,K,E,D,
>GALT6_BOVIN,250,0,250,0,3,X,X,X,X,X,X,X,X,X,R,L,L,R,R,R,H,M,A,V,R,L,V,M,V,G,S,A,F,V,L,F,L,F,I,L,Q,R,D,V,S,G,R,E,Q,A,T,E,K,P,W,L,
>GALT6_HUMAN,250,0,250,0,1,X,X,X,X,X,X,X,X,X,R,L,L,R,R,R,H,M,P,L,R,L,A,M,V,G,C,A,F,V,L,F,L,F,L,L,H,R,D,V,S,S,R,E,E,A,T,E,K,P,W,L,
>GALT6_MOUSE,250,0,250,0,1,X,X,X,X,X,X,X,X,X,R,L,L,R,R,R,H,M,S,L,R,L,A,M,L,G,S,V,F,M,L,F,L,F,I,R,Q,K,D,V,S,N,Q,E,Q,A,M,E,K,P,W,L,
>GALT7_HUMAN,250,0,250,0,1,X,X,X,X,X,X,R,L,K,I,G,F,I,L,R,S,L,L,V,V,G,S,F,L,G,L,V,V,L,W,S,S,L,T,P,R,P,D,D,P,S,P,L,S,R,M,R,E,D,R,D,
>GALT7_MOUSE,250,0,250,0,1,X,X,X,X,X,X,R,L,K,I,G,F,I,L,R,S,L,L,V,V,G,S,F,L,G,L,V,V,L,W,S,S,L,S,S,R,P,D,D,Q,S,P,L,S,R,M,R,E,D,R,D,
>GALT7_RAT,250,0,250,0,1,X,X,X,X,X,X,R,L,K,I,G,F,I,L,R,S,L,L,V,V,G,S,F,L,G,L,V,V,L,W,S,S,L,S,S,R,P,D,D,P,S,P,L,S,R,M,R,E,D,R,D,
>GALT8_HUMAN,250,0,250,0,2,X,X,X,X,X,X,X,X,M,F,W,R,K,L,P,K,A,L,F,I,G,L,T,L,A,I,A,V,N,L,L,L,V,F,S,S,K,G,T,L,Q,N,L,F,T,G,G,L,H,R,E,
>GALT9_HUMAN,250,0,250,0,1,X,X,X,X,X,X,X,X,A,V,A,R,K,I,R,T,L,L,T,V,N,I,L,V,F,V,G,I,V,L,F,S,V,Y,C,R,L,Q,G,R,S,Q,E,L,V,R,I,V,S,G,D,
>GALT9_MACFA,250,0,250,0,2,X,X,X,X,X,X,X,X,A,V,A,R,K,I,R,T,L,L,T,V,N,I,L,V,F,V,G,I,V,L,F,S,V,Y,C,R,L,Q,G,R,S,Q,E,L,V,R,P,L,S,G,G,
>GBGT1_CANLF,250,0,250,0,1,X,X,X,X,X,X,X,X,X,X,X,X,R,C,R,R,L,A,L,G,L,G,F,S,L,L,S,G,I,A,L,W,S,L,W,I,Y,M,E,T,W,L,P,F,S,Y,V,P,Y,Y,L,
>GBGT1_HUMAN,305,0,305,0,1,X,X,X,X,X,X,X,X,X,X,X,X,H,R,R,R,L,A,L,G,L,G,F,C,L,L,A,G,T,S,L,S,V,L,W,V,Y,L,E,N,W,L,P,V,S,Y,V,P,Y,Y,L,
>GBGT1_MOUSE,250,0,250,0,1,X,X,X,X,X,X,X,X,X,X,X,X,T,R,P,R,L,A,Q,G,L,A,F,F,L,L,G,G,T,G,L,W,V,L,W,K,F,I,K,D,W,L,L,V,S,Y,I,P,Y,Y,L,
>GCNT1_BOVIN,250,0,250,0,1,X,X,X,X,X,X,X,X,L,R,K,L,W,R,R,K,L,F,S,F,P,T,K,Y,Y,F,L,F,L,A,F,S,V,V,T,F,T,V,L,R,I,H,Q,K,T,E,F,V,N,F,G,
>GCNT1_HUMAN,269,0,269,0,1,X,X,X,X,X,X,X,X,L,R,T,L,L,R,R,R,L,F,S,Y,P,T,K,Y,Y,F,M,V,L,V,L,S,L,I,T,F,S,V,L,R,I,H,Q,K,P,E,F,V,S,V,R,
>GCNT1_MOUSE,250,0,250,0,1,X,X,X,X,X,X,X,X,L,R,N,L,F,R,R,R,L,F,S,C,P,T,K,Y,Y,F,M,L,L,V,L,S,L,I,T,F,S,V,L,R,I,H,Q,K,P,E,F,F,S,V,R,
>GCNT3_BOSMU,250,0,250,0,1,X,X,X,X,X,X,X,X,K,M,T,G,W,K,K,K,L,C,R,G,H,H,L,W,A,L,G,C,Y,S,L,L,A,V,V,A,L,R,L,S,L,R,L,K,C,D,V,D,S,L,D,
>GCNT3_HUMAN,250,0,250,0,1,X,X,X,X,X,X,X,X,X,X,X,V,Q,W,K,R,L,C,Q,L,H,Y,L,W,A,L,G,C,Y,M,L,L,A,T,V,A,L,K,L,S,F,R,L,K,C,D,S,D,H,L,G,
>GCNT3_MOUSE,250,0,250,0,1,X,X,X,X,X,X,X,X,X,X,X,T,S,W,Q,R,L,C,W,H,Y,R,L,W,T,L,G,C,Y,M,L,L,A,I,L,A,L,K,L,S,L,R,L,K,C,D,F,D,A,M,D,
>GCNT3_RAT,250,0,250,0,1,X,X,X,X,X,X,X,X,X,X,X,V,S,W,R,R,F,C,W,H,Y,H,G,W,T,L,G,C,Y,M,L,L,A,I,I,A,L,K,L,S,L,R,L,K,C,D,F,D,V,M,D,
>GCNT4_HUMAN,250,0,250,0,1,X,X,K,I,F,K,C,Y,F,K,H,T,L,Q,Q,K,V,F,I,L,F,L,T,L,W,L,L,S,L,L,K,L,L,N,V,R,R,L,F,P,Q,K,D,I,Y,L,V,E,Y,S,L,
>GCNT4_MOUSE,250,0,250,0,1,X,X,K,I,F,R,C,C,F,K,Y,T,L,Q,Q,K,L,F,I,L,L,L,T,L,W,L,F,S,L,L,K,L,L,N,V,G,R,L,L,F,P,Q,R,D,I,Y,L,V,E,Y,S,
>GCNT7_HUMAN,250,0,250,0,2,X,X,S,Q,L,R,A,T,K,S,G,L,V,V,R,A,V,I,C,I,F,I,F,L,Y,L,R,N,P,T,P,A,E,S,E,E,E,P,A,Q,P,E,V,V,E,C,G,F,Y,P,D,
>GCNT7_MOUSE,250,0,250,0,1,X,X,X,X,X,X,X,S,Q,L,R,T,T,K,A,G,L,V,A,C,G,M,I,C,A,F,I,F,L,Y,L,R,N,P,G,P,E,E,A,E,A,E,A,E,A,E,P,T,N,P,A,
>GCNT7_PIG,250,0,250,0,1,X,X,X,X,X,X,X,S,Q,L,R,A,T,K,P,G,I,L,V,C,A,A,I,G,I,F,V,F,L,Y,L,R,N,P,T,S,E,D,P,E,E,G,P,T,H,P,A,V,V,E,C,
>GGT5_HUMAN,250,0,0,0,1,X,X,X,X,X,X,X,A,R,G,Y,G,A,T,V,S,L,V,L,L,G,L,G,L,A,L,A,V,I,V,L,A,V,V,L,S,R,H,Q,A,P,C,G,P,Q,A,F,A,H,A,A,
>GGT5_MOUSE,269,0,0,0,1,X,X,X,X,X,X,X,X,X,A,W,G,H,R,A,T,V,C,L,V,L,L,G,V,G,L,G,L,V,I,V,V,L,A,A,V,L,S,P,R,Q,A,S,C,G,P,G,A,F,T,R,
>GGT5_RAT,250,0,0,0,1,X,X,X,X,X,X,X,X,X,A,W,G,H,R,T,T,V,C,L,V,L,L,G,V,S,L,G,L,A,I,I,V,L,A,V,V,L,P,H,H,Q,A,S,C,R,P,D,A,F,T,R,
>GGTA1_ALOCA,250,0,250,0,1,X,X,X,X,X,X,X,X,X,X,X,N,V,K,G,N,V,I,L,S,M,L,A,V,S,T,V,I,A,V,F,W,E,Y,I,N,S,P,E,G,S,F,L,W,I,Y,H,S,K,N,P,
>GGTA1_CALJA,250,0,250,0,1,X,X,X,X,X,X,X,X,X,X,X,N,V,K,G,K,V,I,L,S,M,L,V,V,S,T,V,I,V,V,F,W,E,Y,I,N,S,P,E,G,S,F,L,W,I,Y,H,S,K,N,P,
>GGTA1_FELCA,250,0,250,0,1,X,X,X,X,X,X,X,X,X,X,X,N,V,K,G,R,V,V,L,S,M,L,V,V,S,T,V,I,V,V,F,W,E,Y,I,N,S,P,E,G,S,F,L,W,I,Y,H,S,K,N,P,
>GGTA1_HUMAN,250,0,250,0,1,X,X,X,X,X,X,X,X,X,X,X,N,V,K,G,K,V,I,L,S,M,L,V,V,S,T,V,I,I,V,F,W,E,F,I,N,S,T,E,G,S,F,L,W,I,Y,H,S,K,N,P,
>GGTA1_LEMCA,250,0,250,0,1,X,X,X,X,X,X,X,X,X,X,X,N,V,K,G,K,V,I,L,S,M,L,V,V,S,T,V,M,V,V,F,W,E,Y,I,N,S,P,E,G,S,F,L,W,I,Y,H,S,K,N,P,
>GGTA1_LORTA,250,0,250,0,2,X,X,X,X,X,X,X,X,X,X,X,N,V,K,G,K,A,I,L,S,M,L,V,A,S,T,V,I,V,V,F,W,E,Y,I,N,S,S,E,G,S,F,L,W,I,Y,H,S,K,N,P,
>GGTA1_RAT,269,0,269,0,1,S,S,R,S,G,S,Q,E,K,I,M,N,V,K,G,K,I,I,L,S,V,L,M,V,S,T,V,L,V,V,F,W,E,Y,V,N,R,T,H,S,Y,Q,E,E,D,I,E,R,A,R,E,
>GLCE_BOVIN,250,0,250,0,1,X,X,X,X,X,R,C,L,A,A,R,V,N,Y,K,T,L,I,I,I,C,A,L,F,T,L,V,T,V,L,L,W,N,K,C,S,S,D,K,A,I,Q,V,P,R,H,L,S,S,G,F,
>GLCE_HUMAN,250,0,250,0,1,X,X,X,X,X,R,C,L,A,A,R,V,N,Y,K,T,L,I,I,I,C,A,L,F,T,L,V,T,V,L,L,W,N,K,C,S,S,D,K,A,I,Q,F,P,R,R,S,S,S,G,F,
>GLCE_MOUSE,269,0,269,0,1,X,X,X,X,X,R,C,L,A,A,R,V,N,Y,K,T,L,I,I,I,C,A,L,F,T,L,V,T,V,L,L,W,N,K,C,S,S,D,K,A,I,Q,F,P,R,H,L,S,S,G,F,
>GLT10_HUMAN,250,0,250,0,1,X,X,X,X,X,X,X,X,X,X,R,R,K,E,K,R,L,L,Q,A,V,A,L,V,L,A,A,L,V,L,L,P,N,V,G,L,W,A,L,Y,R,E,R,Q,P,D,G,T,P,G,G,
>GLT10_MOUSE,250,0,250,0,1,X,X,X,X,X,X,X,X,X,X,R,R,K,E,K,R,L,L,Q,A,V,A,L,A,L,A,A,L,V,L,L,P,N,V,G,L,W,A,L,Y,R,E,R,Q,P,D,G,S,P,G,G,
>GLT11_HUMAN,269,0,269,0,1,M,W,L,Q,P,L,L,A,A,I,R,E,D,R,H,T,V,V,C,P,V,I,D,I,I,S,A,D,T,L,A,Y,S,S,S,P,V,V,R,G,G,F,N,W,G,L,H,F,K,W,D,
>GLT11_MOUSE,250,0,250,0,2,M,W,L,Q,P,L,L,A,I,I,L,E,D,P,H,T,V,V,C,P,V,I,D,I,I,S,A,D,T,L,A,Y,S,S,S,P,V,V,R,G,G,F,N,W,G,L,H,F,K,W,D,
>GLT11_RAT,250,0,250,0,2,M,W,L,Q,P,L,L,A,I,I,L,E,D,P,H,T,V,V,C,P,V,I,D,I,I,S,A,D,T,L,A,Y,S,S,S,P,V,V,R,G,G,F,N,W,G,L,H,F,K,W,D,
>GLT12_HUMAN,250,0,250,0,2,T,A,R,R,R,C,P,R,E,L,R,R,G,R,E,A,L,L,V,L,L,A,L,L,A,L,A,G,L,G,S,V,L,R,A,Q,R,G,A,G,A,G,A,A,E,P,G,P,P,R,T,
>GLT12_MOUSE,250,0,250,0,1,R,A,V,R,R,R,C,P,R,G,L,R,R,G,R,E,A,L,L,A,L,L,A,L,A,G,L,G,A,L,L,R,A,R,S,R,S,G,T,V,D,P,G,P,P,R,T,P,L,P,G,
>GLT13_HUMAN,250,0,250,0,1,X,X,X,X,X,X,X,X,X,X,X,X,X,X,R,R,F,V,Y,C,K,V,V,L,A,T,S,L,M,W,V,L,V,D,V,F,L,L,L,Y,F,S,E,C,N,K,C,D,D,K,K,
>GLT14_HUMAN,250,0,250,0,1,X,X,X,X,X,X,X,X,X,X,R,R,L,T,R,R,L,V,L,P,V,F,G,V,L,W,I,T,V,L,L,F,F,W,V,T,K,R,K,L,E,V,P,T,G,P,E,V,Q,T,P,
>GLT14_MOUSE,250,0,250,0,1,X,X,X,X,X,X,X,X,X,X,R,R,L,T,R,R,L,A,L,P,I,F,G,V,L,W,I,T,V,L,L,F,F,W,V,T,K,R,K,L,E,V,P,L,G,P,E,V,Q,T,P,
>GLT15_HUMAN,250,0,250,0,2,X,X,L,L,R,K,R,Y,R,H,R,P,C,R,L,Q,F,L,L,L,L,L,M,L,G,C,V,L,M,M,V,A,M,L,H,P,P,H,H,T,L,H,Q,T,V,T,A,Q,A,S,K,
>GLT15_MOUSE,250,0,250,0,1,X,X,L,P,R,K,R,P,R,S,G,R,S,R,L,Q,F,L,L,L,F,L,T,L,G,C,V,L,M,M,V,I,L,L,H,P,P,P,P,T,L,H,Q,A,V,T,A,Q,A,S,K,
>GLT16_HUMAN,250,0,250,0,2,X,X,X,X,X,X,X,X,X,X,R,K,I,R,A,N,A,I,A,I,L,T,V,A,W,I,L,G,T,F,Y,Y,L,W,Q,D,N,R,A,H,A,A,S,S,G,G,R,G,A,Q,R,
>GLT16_MOUSE,250,0,250,0,2,X,X,X,X,X,X,X,X,X,X,R,K,I,R,A,N,A,I,A,I,L,T,V,A,W,I,L,G,T,F,Y,Y,L,W,Q,D,N,R,A,H,A,A,S,S,S,G,R,G,A,Q,R,
>GLT17_HUMAN,250,0,250,0,1,X,X,X,X,X,X,X,X,X,A,S,L,R,R,V,K,V,L,L,V,L,N,L,I,A,V,A,G,F,V,L,F,L,A,K,C,R,P,I,A,V,R,S,G,D,A,F,H,E,I,R,
>GLT18_HUMAN,250,0,250,0,1,S,G,C,R,N,L,S,F,P,D,S,L,P,E,V,S,I,V,F,I,F,V,N,E,A,L,S,V,L,L,R,S,I,H,S,A,M,E,R,T,P,P,H,L,L,K,E,I,I,L,V,
>GLT18_MOUSE,250,0,250,0,2,S,G,C,R,N,L,S,F,P,D,S,L,P,E,V,S,I,V,F,I,F,V,N,E,A,L,S,V,L,L,R,S,I,H,S,A,M,E,R,T,P,S,H,L,L,K,E,I,I,L,V,
>GLTL5_HUMAN,305,0,0,0,3,X,X,X,X,X,X,X,X,X,X,X,X,X,X,R,N,A,I,I,Q,G,L,F,Y,G,S,L,T,F,G,I,W,T,A,L,L,F,I,Y,L,H,H,N,H,V,S,S,W,Q,K,K,
>GLTL5_MACFA,305,0,0,0,2,X,X,X,X,X,X,X,X,X,X,X,X,X,X,R,N,A,I,I,R,C,L,F,Y,G,S,L,T,F,G,I,W,T,A,L,L,F,I,Y,L,H,H,N,H,V,S,N,W,Q,K,K,
>GLTL5_MOUSE,305,0,0,0,1,X,X,X,X,X,X,X,X,X,X,X,X,X,X,K,S,V,I,I,Q,G,L,F,C,G,F,L,A,I,G,L,W,A,S,M,L,L,L,F,L,H,L,E,Q,E,D,M,L,E,N,E,
>GLTL6_HUMAN,250,0,250,0,1,X,X,X,X,X,X,X,X,X,X,K,R,K,Q,K,R,F,L,Q,M,T,L,L,F,T,V,A,L,I,F,L,P,N,V,G,L,W,S,L,Y,K,D,K,H,L,V,K,S,A,E,P,
>GNT2A_HUMAN,250,0,250,0,1,X,X,X,X,X,X,X,X,X,X,M,G,S,W,K,H,C,L,F,S,A,S,L,I,S,A,L,I,F,V,F,V,Y,N,T,E,L,W,E,N,K,R,F,L,R,A,A,L,S,N,A,
>GOLI4_MOUSE,250,0,250,0,1,X,X,X,X,X,G,N,G,M,C,S,R,K,Q,K,R,I,F,Q,T,L,L,L,L,T,V,V,F,G,F,L,Y,G,A,M,L,Y,L,E,L,Q,T,Q,L,R,K,A,E,A,V,A,
>GOLI4_RAT,269,0,269,0,1,X,X,X,X,X,G,N,G,M,C,S,R,K,Q,K,R,I,F,Q,T,L,L,L,L,T,V,V,F,G,F,L,Y,G,A,M,L,Y,L,E,L,Q,T,Q,L,R,K,A,E,A,V,A,
>GOLM1_HUMAN,269,0,269,0,1,X,X,M,G,L,G,N,G,R,R,S,M,K,S,P,P,L,V,L,A,A,L,V,A,C,I,I,V,L,G,F,N,Y,W,I,A,S,S,R,S,V,D,L,Q,T,R,I,M,E,L,E,
>GOLM1_MOUSE,250,0,250,0,1,X,X,M,G,L,G,N,G,R,R,S,M,K,S,P,P,L,I,L,A,A,L,V,A,C,V,I,V,L,G,F,N,Y,W,I,A,S,S,R,S,V,E,L,Q,T,R,I,V,E,L,E,
>GTA1L_MOUSE,250,0,250,0,2,X,X,X,X,X,X,X,X,X,X,X,Q,Y,K,K,E,A,L,L,L,M,L,F,A,V,L,L,A,L,T,Q,R,F,S,Y,S,R,T,K,D,H,L,Q,K,M,Y,A,C,W,K,D,
>GTA1L_RAT,250,0,250,0,1,X,X,X,X,X,X,X,X,X,X,Q,Y,K,K,E,T,L,L,L,I,L,L,A,I,L,L,A,L,T,Q,R,Y,S,R,T,K,D,H,L,Q,K,M,Y,T,C,W,R,D,H,L,E,
>HS2ST_CRILO,250,0,250,0,1,X,X,X,X,G,L,L,R,I,M,M,P,P,K,L,Q,L,L,A,V,V,A,F,A,V,A,M,L,F,L,E,N,Q,I,Q,K,L,E,E,S,R,A,K,L,E,R,A,I,A,R,H,
>HS2ST_HUMAN,250,0,250,0,1,X,X,X,X,G,L,L,R,I,M,M,P,P,K,L,Q,L,L,A,V,V,A,F,A,V,A,M,L,F,L,E,N,Q,I,Q,K,L,E,E,S,R,S,K,L,E,R,A,I,A,R,H,
>HS3S2_HUMAN,305,0,305,0,1,R,V,L,G,R,A,G,P,P,Q,P,R,R,A,R,R,L,L,F,A,F,T,L,S,L,S,C,T,Y,L,C,Y,S,F,L,C,C,C,D,D,L,G,R,S,R,L,L,G,A,P,R,
>HS3S2_MOUSE,305,0,305,0,1,R,V,L,G,R,A,G,P,P,Q,P,R,R,A,R,R,L,L,F,A,F,T,L,S,L,S,C,T,Y,L,C,Y,S,F,L,C,C,C,D,G,L,G,Q,S,R,L,L,G,A,P,R,
>HS3S4_HUMAN,305,0,305,0,1,A,P,P,P,P,G,A,S,A,K,G,P,P,A,R,K,L,L,F,M,C,T,L,S,L,S,V,T,Y,L,C,Y,S,L,L,G,G,S,G,S,L,Q,F,P,L,A,L,Q,E,S,P,
>HS3S5_HUMAN,305,0,305,0,1,X,X,X,X,X,L,F,K,Q,Q,A,W,L,R,Q,K,L,L,V,L,G,S,L,A,V,G,S,L,L,Y,L,V,A,R,V,G,S,L,D,R,L,Q,P,I,C,P,I,E,G,R,L,
>HS3S5_MOUSE,305,0,305,0,1,X,X,X,X,X,L,F,K,Q,Q,V,W,L,R,Q,K,L,L,V,L,G,S,L,A,V,G,S,L,L,Y,L,V,A,R,V,G,S,L,D,R,L,Q,P,I,C,P,V,E,S,R,F,
>HS3S6_HUMAN,305,0,305,0,1,A,G,A,G,Q,G,A,A,L,R,A,S,R,A,P,M,L,L,V,A,L,V,L,G,A,Y,C,L,C,A,L,P,G,R,C,P,P,A,A,R,A,P,A,P,A,P,A,P,S,E,P,
>HS3S6_MOUSE,305,0,305,0,2,G,A,G,T,G,Q,G,T,A,L,R,A,L,R,A,P,L,A,L,V,V,L,L,L,S,A,Y,C,L,F,A,L,P,G,R,C,P,P,A,A,R,A,P,A,P,V,P,A,P,A,E,
>HS3SA_HUMAN,305,0,305,0,1,A,L,S,T,S,A,E,P,L,S,R,S,I,F,R,K,F,L,L,M,L,C,S,L,L,T,S,L,Y,V,F,Y,C,L,A,E,R,C,Q,T,L,S,G,P,V,V,G,L,S,G,G,
>HS3SA_MOUSE,305,0,305,0,1,A,Q,P,S,P,A,E,P,L,S,R,S,I,F,R,K,F,L,L,M,L,C,S,L,L,T,S,L,Y,V,F,Y,C,L,A,E,R,C,P,P,G,S,G,P,V,A,G,V,P,G,R,
>HS3SB_HUMAN,305,0,305,0,1,R,L,L,P,Q,P,P,P,P,P,P,P,V,R,R,K,L,A,L,L,F,A,M,L,C,V,W,L,Y,M,F,L,Y,S,C,A,G,S,C,A,A,A,P,G,L,L,L,L,G,S,G,
>HS3SB_MOUSE,305,0,305,0,1,R,F,L,P,Q,P,P,P,P,P,P,P,V,R,R,K,L,A,L,L,F,A,M,L,C,I,W,L,Y,M,F,L,Y,S,C,A,G,S,C,T,A,A,P,G,L,L,L,L,G,S,G,
>IEX1_HUMAN,269,0,0,0,1,V,V,R,R,Q,L,P,V,E,E,P,N,P,A,K,R,L,L,F,L,L,L,T,I,V,F,C,Q,I,L,M,A,E,E,G,V,P,A,P,L,P,P,E,D,A,P,N,A,A,S,L,
>IMPA3_BOVIN,250,0,250,0,3,X,X,X,X,X,A,P,M,G,I,R,L,S,P,L,G,V,A,V,F,C,L,L,G,L,G,V,L,Y,H,L,Y,S,G,F,L,A,G,R,F,S,L,F,G,L,G,G,E,P,G,G,
>IMPA3_HUMAN,269,0,269,0,3,X,X,X,X,X,X,X,A,P,M,G,I,R,L,S,P,L,G,V,A,V,F,C,L,L,G,L,G,V,L,Y,H,L,Y,S,G,F,L,A,G,R,F,S,L,F,G,L,G,G,E,P,
>IMPA3_MOUSE,250,0,269,0,3,X,X,X,X,X,X,X,A,P,M,G,I,R,L,S,P,L,G,V,A,V,F,F,L,L,G,L,G,V,L,Y,H,L,Y,S,G,F,L,A,G,R,F,S,L,F,G,L,G,S,E,P,
>IMPA3_PIG,250,0,250,0,3,X,X,X,X,X,X,X,A,P,M,G,I,R,L,S,P,L,G,V,A,V,F,C,L,L,G,L,G,V,L,Y,H,L,Y,S,G,F,L,A,G,R,F,S,L,F,G,M,G,G,E,P,
>IMPA3_RAT,250,0,250,0,3,X,X,X,X,X,X,X,A,P,M,G,I,R,L,S,P,L,G,V,A,V,F,F,L,L,G,L,G,V,L,Y,H,L,Y,S,G,F,L,A,G,R,F,S,L,F,G,L,G,G,E,P,
>KTN1_MOUSE,269,0,0,269,1,X,X,X,X,X,X,X,X,X,E,L,Y,E,S,T,Y,F,I,V,L,I,P,S,V,V,I,T,V,I,F,L,F,F,W,L,F,M,K,E,T,L,Y,D,E,V,L,A,K,Q,K,R,
>LAP2B_MOUSE,250,0,0,0,1,Y,A,P,L,A,D,V,K,S,E,K,T,K,K,R,R,S,V,P,M,W,I,K,M,L,L,F,A,L,V,A,V,F,L,F,L,V,Y,Q,A,M,E,T,N,Q,G,N,P,F,T,N,
>LARG1_HUMAN,269,0,269,0,1,X,X,X,X,X,X,X,L,G,I,C,R,G,R,R,K,F,L,A,A,S,L,S,L,L,C,I,P,A,I,T,W,I,Y,L,F,S,G,S,F,E,D,G,K,P,V,S,L,S,P,L,
>LARG1_MOUSE,250,0,250,0,1,X,X,X,X,X,X,X,L,G,I,C,R,G,R,R,K,F,L,A,A,S,L,T,L,L,C,I,P,A,I,T,W,I,Y,L,F,A,G,S,F,E,D,G,K,P,V,S,L,S,P,L,
>LARG2_HUMAN,305,0,269,0,1,X,X,X,X,X,X,X,X,X,L,P,R,G,R,P,R,A,L,G,A,A,A,L,L,L,L,L,L,L,L,G,F,L,L,F,G,G,D,L,G,C,E,R,R,E,P,G,G,R,A,G,
>LARG2_MOUSE,305,0,269,0,1,X,X,X,X,X,X,X,X,X,L,P,R,G,R,P,R,A,M,G,A,A,V,L,L,L,L,L,L,L,V,V,G,F,F,L,F,G,R,D,P,D,Y,G,L,G,T,T,A,T,L,D,
>LARG2_RAT,305,0,250,0,1,X,X,X,X,X,X,X,X,X,L,P,R,G,R,P,R,A,L,G,A,A,L,L,L,L,L,L,L,V,V,G,F,F,L,F,G,R,D,P,E,Y,G,L,G,T,T,A,T,L,D,G,
>LFNG_BOVIN,250,0,250,0,1,X,X,X,X,X,X,X,X,X,L,K,R,C,G,R,R,L,L,L,A,L,A,G,A,L,L,A,C,L,L,V,L,T,A,D,P,P,P,P,P,V,P,A,E,R,G,R,R,A,L,R,
>LFNG_HUMAN,250,0,250,0,1,X,X,X,X,X,X,X,X,X,L,K,R,C,G,R,R,L,L,L,A,L,A,G,A,L,L,A,C,L,L,V,L,T,A,D,P,P,P,P,P,L,P,A,E,R,G,R,R,A,L,R,
>LFNG_MOUSE,250,0,250,0,1,X,X,X,X,X,X,X,X,X,L,Q,R,C,G,R,R,L,L,L,A,L,V,G,A,L,L,A,C,L,L,V,L,T,A,D,P,P,P,T,P,M,P,A,E,R,G,R,R,A,L,R,
>LFNG_RAT,250,0,250,0,1,X,X,X,X,X,X,X,X,X,L,Q,R,C,G,R,R,L,L,L,A,L,V,G,A,L,L,A,C,L,L,V,L,T,A,D,P,P,P,T,P,V,P,A,E,R,G,R,R,A,L,R,
>LRC59_BOVIN,250,0,0,250,3,S,S,R,P,R,K,P,P,P,R,K,H,T,R,S,W,A,V,L,K,L,L,L,L,L,L,L,C,V,A,G,G,L,V,A,C,R,V,T,E,L,Q,Q,Q,P,L,C,T,S,V,N,
>LRC59_MOUSE,250,0,0,250,3,G,S,R,P,R,K,P,P,P,R,K,H,T,R,S,W,A,V,L,K,V,L,L,L,L,L,L,L,C,V,A,G,G,L,V,V,C,R,V,T,G,L,H,Q,Q,P,L,C,T,S,V,
>MA1A1_PIG,269,0,0,269,1,G,G,R,K,G,S,G,P,S,A,F,R,L,T,E,K,F,V,L,L,L,V,F,S,A,F,I,T,L,C,F,G,A,I,F,F,L,P,D,S,S,K,L,L,S,G,V,L,F,H,S,
>MA1B1_HUMAN,269,0,0,269,2,R,S,C,W,R,K,W,K,Q,L,S,R,L,Q,R,N,M,I,L,F,L,L,A,F,L,L,F,C,G,L,L,F,Y,I,N,L,A,D,H,W,K,A,L,A,F,R,L,E,E,E,Q,
>MA2A1_HUMAN,250,0,250,0,1,X,X,X,X,X,X,X,X,X,X,X,K,L,S,R,Q,F,T,V,F,G,S,A,I,F,C,V,V,I,F,S,L,Y,L,M,L,D,R,G,H,L,D,Y,P,R,N,P,R,R,E,G,
>MA2A2_HUMAN,250,0,250,0,1,X,X,X,X,X,X,X,X,X,X,X,K,L,K,K,Q,V,T,V,C,G,A,A,I,F,C,V,A,V,F,S,L,Y,L,M,L,D,R,V,Q,H,D,P,T,R,H,Q,N,G,G,N,
>MA2A2_MOUSE,250,0,250,0,1,X,X,X,X,X,X,X,X,X,X,X,K,L,K,K,Q,V,T,V,C,G,A,A,I,F,C,V,A,V,F,S,L,Y,L,M,L,D,R,V,Q,H,D,P,A,R,H,Q,N,G,G,N,
>MANEA_HUMAN,269,0,269,0,2,X,X,X,X,X,X,X,X,X,A,K,F,R,R,R,T,C,I,I,L,A,L,F,I,L,F,I,F,S,L,M,M,G,L,K,M,L,R,P,N,T,A,T,F,G,A,P,F,G,L,D,
>MANEA_MOUSE,250,0,250,0,1,X,X,X,X,X,X,X,X,X,A,K,F,R,R,R,T,C,I,L,L,S,L,F,I,L,F,I,F,S,L,M,M,G,L,K,M,L,W,P,N,A,A,S,F,G,P,P,F,G,L,D,
>MANEA_RAT,269,0,269,0,1,X,X,X,X,X,X,X,X,X,A,K,F,R,R,R,T,C,I,I,L,S,L,F,I,V,F,I,F,S,L,M,M,G,L,K,M,L,W,P,N,A,A,S,F,G,P,P,F,G,L,D,
>MANEL_HUMAN,250,0,250,0,1,X,X,X,X,X,X,X,X,X,X,A,R,R,R,R,R,A,C,I,A,L,F,L,V,L,L,F,A,F,G,T,L,M,G,L,R,T,L,K,A,P,D,G,L,P,A,L,G,P,G,L,
>MANEL_MOUSE,250,0,250,0,1,X,X,X,X,X,X,X,X,X,X,A,R,R,R,R,R,A,C,I,A,L,F,L,V,L,L,F,A,F,G,T,L,M,G,L,R,T,L,K,A,P,D,G,L,P,A,L,G,P,G,P,
>MARC1_HUMAN,269,0,0,0,1,S,A,L,A,R,F,V,L,L,A,Q,S,R,P,G,W,L,G,V,A,A,L,G,L,T,A,V,A,L,G,A,V,A,W,R,R,A,W,P,T,R,R,R,R,L,L,Q,Q,V,G,T,
>MARC1_MOUSE,250,0,0,0,1,F,G,F,S,A,F,R,V,P,G,Q,P,R,S,T,W,L,G,V,A,A,L,G,L,A,A,V,A,L,G,T,V,A,W,R,R,A,R,P,R,R,R,R,R,L,Q,Q,V,G,T,V,
>MFNG_HUMAN,250,0,250,0,2,X,X,X,X,X,X,X,X,X,Q,C,R,L,P,R,G,L,A,G,A,L,L,T,L,L,C,M,G,L,L,C,L,R,Y,H,L,N,L,S,P,Q,R,V,Q,G,T,P,E,L,S,Q,
>MFNG_MOUSE,250,0,250,0,2,X,X,X,X,X,X,X,X,X,X,X,X,X,H,C,R,L,F,R,G,M,A,G,A,L,F,T,L,L,C,V,G,L,L,S,L,R,Y,H,S,S,L,S,Q,R,M,I,Q,G,A,L,
>MGAT1_HUMAN,305,0,269,0,1,X,X,X,X,X,X,X,X,X,L,K,K,Q,S,A,G,L,V,L,W,G,A,I,L,F,V,A,W,N,A,L,L,L,L,F,F,W,T,R,P,A,P,G,R,P,P,S,V,S,A,L,
>MGAT1_MOUSE,250,0,250,0,1,X,X,X,X,X,X,X,X,X,L,K,K,Q,T,A,G,L,V,L,W,G,A,I,I,F,V,G,W,N,A,L,L,L,L,F,F,W,T,R,P,A,P,G,R,L,P,S,D,S,A,L,
>MGAT1_RABIT,250,0,250,0,1,X,X,X,X,X,X,X,X,X,L,K,K,Q,S,A,G,L,V,L,W,G,A,I,L,F,V,A,W,N,A,L,L,L,L,F,F,W,T,R,P,V,P,S,R,L,P,S,D,N,A,L,
>MGAT2_HUMAN,305,0,269,0,1,X,X,X,X,X,X,X,X,R,F,R,I,Y,K,R,K,V,L,I,L,T,L,V,V,A,A,C,G,F,V,L,W,S,S,N,G,R,Q,R,K,N,E,A,L,A,P,P,L,L,D,A,
>MGAT2_MOUSE,250,0,250,0,1,X,X,X,X,X,X,X,X,R,F,R,I,Y,K,R,K,V,L,I,L,T,L,V,V,A,A,C,G,F,V,L,W,S,S,N,G,R,Q,R,K,S,D,A,L,G,P,P,L,L,D,A,
>MGAT2_PIG,250,0,250,0,1,X,X,X,X,X,X,X,X,R,F,R,I,Y,K,R,K,V,L,I,L,T,F,V,V,A,A,C,G,F,V,L,W,S,S,N,G,R,Q,R,K,N,E,A,L,A,P,P,L,L,D,A,
>MGAT2_RAT,250,0,250,0,1,X,X,X,X,X,X,X,X,R,F,R,I,Y,K,R,K,V,L,I,L,T,L,V,V,A,A,C,G,F,V,L,W,S,S,N,G,R,Q,R,K,N,D,A,L,A,P,P,L,L,D,S,
>MGT4A_BOVIN,250,0,250,0,1,X,X,X,X,X,X,X,X,X,X,R,L,R,N,G,T,V,A,T,V,L,A,F,I,T,S,F,L,T,L,S,W,Y,T,T,W,Q,N,G,K,E,K,V,I,A,Y,Q,R,E,F,L,
>MGT4A_HUMAN,250,0,250,0,1,X,X,X,X,X,X,X,X,X,X,R,L,R,N,G,T,V,A,T,A,L,A,F,I,T,S,F,L,T,L,S,W,Y,T,T,W,Q,N,G,K,E,K,L,I,A,Y,Q,R,E,F,L,
>MGT4A_MOUSE,250,0,250,0,1,X,X,X,X,X,X,X,X,X,X,R,L,R,N,G,T,V,A,T,A,L,V,F,V,T,S,F,L,T,L,S,W,Y,T,T,W,Q,N,G,K,E,K,L,I,A,Y,Q,R,E,F,L,
>MGT4B_HUMAN,250,0,250,0,1,X,X,X,X,X,X,X,X,X,X,R,L,R,N,G,T,F,L,T,L,L,L,F,C,L,C,A,F,L,S,L,S,W,Y,A,A,L,S,G,Q,K,G,D,V,V,D,V,Y,Q,R,E,
>MGT4C_HUMAN,250,0,250,0,2,H,I,F,E,I,L,D,K,M,R,C,L,R,K,R,S,T,V,S,F,L,G,V,L,V,I,F,L,L,F,M,N,L,Y,I,E,D,S,Y,V,L,E,G,D,K,Q,L,I,R,E,T,
>MGT4C_MOUSE,250,0,250,0,2,Y,I,F,Q,I,L,D,K,M,R,C,L,R,K,R,S,T,V,S,F,L,G,V,L,V,V,F,L,L,F,M,N,L,Y,I,E,D,S,Y,V,L,E,G,D,K,Q,L,I,R,E,T,
>MGT4C_PIG,250,0,250,0,1,K,H,I,F,E,I,L,D,K,M,R,C,L,R,K,R,F,T,V,S,F,L,G,V,L,V,I,F,L,L,F,M,N,L,Y,I,E,D,S,Y,V,L,E,G,D,K,Q,L,V,R,E,
>MGT4D_HUMAN,305,0,250,305,1,X,X,X,X,X,X,X,X,X,X,R,T,K,Q,V,N,L,L,I,T,L,V,A,V,A,L,F,S,F,S,C,F,S,I,Y,R,I,T,Q,T,N,N,Q,L,I,N,C,R,N,H,I,
>MGT4D_MOUSE,250,0,250,269,1,X,X,X,X,X,X,X,X,X,X,K,A,K,N,V,N,L,L,F,A,F,V,A,V,L,L,F,G,F,S,C,F,C,I,S,R,M,N,Q,T,N,N,Q,L,I,N,C,R,N,H,V,
>MGT4D_RAT,305,0,269,305,1,X,X,X,X,X,X,X,X,X,X,K,T,K,N,V,N,L,L,F,A,L,V,A,V,L,L,F,G,F,S,C,F,C,I,S,R,M,N,Q,T,N,N,Q,L,I,N,C,R,N,H,V,
>MGT5A_CRIGR,250,0,269,0,1,X,X,X,X,A,F,F,T,P,W,K,L,S,S,Q,K,L,G,F,F,L,V,T,F,G,F,I,W,G,M,M,L,L,H,F,T,I,Q,Q,R,T,Q,P,E,S,S,S,M,L,R,E,
>MGT5A_HUMAN,269,0,250,0,1,X,X,X,X,A,L,F,T,P,W,K,L,S,S,Q,K,L,G,F,F,L,V,T,F,G,F,I,W,G,M,M,L,L,H,F,T,I,Q,Q,R,T,Q,P,E,S,S,S,M,L,R,E,
>MGT5B_HUMAN,250,0,250,0,1,X,X,X,I,T,V,N,P,D,G,K,I,M,V,R,R,C,L,V,T,L,R,P,F,R,L,F,V,L,G,I,G,F,F,T,L,C,F,L,M,T,S,L,G,G,Q,F,S,A,R,R,
>MGT5B_MOUSE,269,0,269,0,1,X,X,X,I,T,V,N,P,D,G,K,I,M,V,R,R,C,L,V,T,L,R,P,F,R,L,F,V,L,G,I,G,F,F,T,L,C,F,L,M,T,S,L,G,G,Q,F,S,A,R,R,
>MMEL1_MOUSE,269,0,0,0,1,R,A,G,W,C,R,K,K,S,P,G,F,V,E,Y,G,L,M,V,L,L,L,L,L,L,G,A,I,V,T,L,G,V,F,Y,S,I,G,K,Q,L,P,L,L,T,S,L,L,H,F,S,
>MMP23_BOVIN,250,0,0,250,1,A,C,V,P,S,A,A,S,G,A,G,D,R,A,R,Q,L,G,A,V,L,G,A,L,C,L,F,P,A,L,V,L,L,A,W,P,G,T,P,A,N,G,A,G,A,R,V,A,Q,G,D,
>MMP23_HUMAN,269,0,0,250,2,G,A,R,V,P,S,E,A,P,G,A,G,V,E,R,R,W,L,G,A,A,L,V,A,L,C,L,L,P,A,L,V,L,L,A,R,L,G,A,P,A,V,P,A,W,S,A,A,Q,G,D,
>MMP23_MOUSE,269,0,0,250,2,R,A,C,L,R,P,E,A,S,G,A,V,Q,G,R,W,L,G,A,A,L,S,G,L,C,L,L,S,A,L,A,L,L,E,W,L,G,A,P,T,E,T,A,W,R,A,A,Q,G,N,V,
>MOGS_MOUSE,250,0,0,250,1,G,A,R,G,S,A,S,G,A,A,L,A,V,V,V,L,A,L,A,F,G,L,S,G,R,W,V,L,A,W,L,R,V,R,R,A,L,T,L,H,P,A,P,S,A,L,P,P,D,S,S,
>MOGS_RAT,269,0,0,269,1,G,A,R,G,S,A,G,G,A,A,L,A,V,V,V,L,A,L,A,F,G,L,S,G,R,W,V,L,A,W,L,G,V,R,R,A,L,T,L,H,P,A,P,S,A,L,P,P,D,S,S,
>MYORG_HUMAN,250,0,0,269,1,D,N,F,S,P,A,K,P,K,P,S,K,D,L,K,P,L,L,G,S,A,V,L,G,L,L,L,V,L,A,A,V,V,A,W,C,Y,Y,S,V,S,L,R,K,A,E,R,L,R,A,E,
>MYORG_MOUSE,269,0,0,269,1,D,N,F,S,P,A,K,P,K,P,T,K,E,L,R,P,L,L,C,S,A,V,L,G,L,L,L,V,L,A,A,V,V,A,W,C,Y,Y,S,A,S,L,R,K,A,E,R,L,R,A,E,
>NAT8_MOUSE,250,0,250,250,1,L,L,A,V,V,P,L,A,I,V,L,V,S,G,S,W,F,L,A,V,V,C,I,F,F,L,F,L,F,L,W,F,L,A,S,K,P,W,K,N,Y,V,S,K,C,L,H,T,D,M,A,
>NAT8_RAT,250,0,250,250,2,M,F,S,R,G,M,K,E,H,I,P,T,A,F,R,H,L,L,L,L,P,R,T,L,L,L,L,L,G,V,P,L,A,L,V,L,V,S,G,S,W,L,L,A,V,V,C,I,F,F,L,
>NDST1_HUMAN,269,0,269,0,2,X,X,X,X,X,X,X,X,P,A,L,A,C,L,R,R,L,C,R,H,V,S,P,Q,A,V,L,F,L,L,F,I,F,C,L,F,S,V,F,I,S,A,Y,Y,L,Y,G,W,K,R,G,
>NDST1_MOUSE,250,0,250,0,2,X,X,X,X,X,X,X,X,P,A,L,A,C,L,R,R,L,C,R,H,L,S,P,Q,A,V,L,F,L,L,F,V,F,C,L,F,S,V,F,V,S,A,Y,Y,L,Y,G,W,N,R,G,
>NDST2_BOVIN,250,0,250,0,1,K,L,W,K,V,V,R,P,A,R,Q,L,E,L,H,R,L,I,L,L,L,I,A,F,S,L,G,S,M,G,F,L,A,Y,Y,V,S,T,S,P,K,A,K,E,P,L,P,L,P,L,G,
>NDST2_HUMAN,250,0,250,0,1,Q,L,W,K,V,V,R,P,A,R,Q,L,E,L,H,R,L,I,L,L,L,I,A,F,S,L,G,S,M,G,F,L,A,Y,Y,V,S,T,S,P,K,A,K,E,P,L,P,L,P,L,G,
>NDST2_MOUSE,250,0,250,0,1,Q,L,W,K,V,V,R,P,A,R,Q,L,E,L,H,R,L,I,L,L,L,I,G,F,S,L,V,S,M,G,F,L,A,Y,Y,V,S,T,S,P,K,A,K,E,P,L,P,L,P,L,G,
>NDST3_HUMAN,250,0,250,0,1,X,X,X,S,F,I,M,K,L,H,R,H,F,Q,R,T,V,I,L,L,A,T,F,C,M,V,S,I,I,I,S,A,Y,Y,L,Y,S,G,Y,K,Q,E,N,E,L,S,E,T,A,S,E,
>NDST3_MOUSE,250,0,250,0,1,X,X,X,S,F,I,M,K,P,H,R,H,F,Q,R,T,L,I,L,L,A,T,F,C,M,V,S,I,I,I,S,A,Y,Y,L,Y,S,G,Y,K,Q,E,S,E,V,S,G,R,A,S,E,
>NDST4_HUMAN,250,0,250,0,1,X,X,X,X,N,L,I,V,K,L,R,R,S,F,R,T,L,I,V,L,L,A,T,F,C,L,V,S,I,V,I,S,A,Y,F,L,Y,S,G,Y,K,Q,E,M,T,L,I,E,T,T,A,
>NDST4_MOUSE,250,0,250,0,1,X,X,X,X,N,L,I,L,K,F,R,R,S,F,R,T,L,I,V,L,L,A,T,F,C,L,V,S,I,L,I,S,A,Y,F,L,Y,S,G,Y,K,Q,E,M,T,L,I,E,T,T,A,
>NF2L1_BOVIN,250,0,0,250,2,X,X,X,X,X,X,L,S,L,K,K,Y,L,T,E,G,L,L,Q,F,T,I,L,L,S,L,I,G,V,R,V,D,V,D,T,Y,L,T,S,Q,L,P,P,L,R,E,I,I,L,G,P,
>NF2L1_HUMAN,269,0,0,269,2,X,X,X,X,X,X,L,S,L,K,K,Y,L,T,E,G,L,L,Q,F,T,I,L,L,S,L,I,G,V,R,V,D,V,D,T,Y,L,T,S,Q,L,P,P,L,R,E,I,I,L,G,P,
>NF2L1_MOUSE,250,0,0,269,2,X,X,X,X,X,X,L,S,L,K,K,Y,L,T,E,G,L,L,Q,F,T,I,L,L,S,L,I,G,V,R,V,D,V,D,T,Y,L,T,S,Q,L,P,P,L,R,E,I,I,L,G,P,
>NSG1_HUMAN,250,0,250,269,1,F,T,V,S,I,T,E,G,V,T,E,R,F,K,V,S,V,L,V,L,F,A,L,A,F,L,T,C,V,V,F,L,V,V,Y,K,V,Y,K,Y,D,R,A,C,P,D,G,F,V,L,K,
>NSG2_BOVIN,250,0,250,0,2,E,Y,Q,P,E,Q,K,N,K,G,K,F,R,V,P,K,I,A,E,F,T,V,T,I,L,V,S,L,A,L,A,F,L,A,C,I,V,F,L,V,V,Y,K,A,F,T,Y,D,H,S,C,
>NSG2_RAT,269,0,250,0,2,E,Y,Q,P,E,Q,R,N,K,G,K,F,R,V,P,K,I,A,E,F,T,V,T,I,L,V,S,L,A,L,A,F,L,A,C,I,V,F,L,V,V,Y,K,A,F,T,Y,D,H,S,C,
>NSMA5_MOUSE,250,0,0,269,2,G,C,W,A,P,S,V,R,S,K,S,L,G,W,F,K,V,L,A,G,S,G,V,L,L,P,L,V,V,V,G,L,P,L,A,L,V,G,L,A,L,W,L,P,L,Q,V,W,R,R,P,
>P4HTM_HUMAN,269,0,0,269,2,P,V,R,P,L,C,K,P,R,G,I,C,S,R,A,Y,F,L,V,L,M,V,F,V,H,L,Y,L,G,N,V,L,A,L,L,L,F,V,H,Y,S,N,G,D,E,S,S,D,P,G,P,
>P4HTM_MOUSE,250,0,0,250,2,P,V,R,P,L,C,K,P,R,G,I,C,S,R,A,Y,F,L,V,L,M,V,F,V,H,L,Y,L,G,N,V,L,A,L,L,L,F,V,H,Y,S,N,G,D,E,S,T,D,P,G,P,
>PEX26_HUMAN,269,0,0,0,1,W,D,S,A,V,S,H,F,F,S,L,P,F,K,K,S,L,L,A,A,L,I,L,C,L,L,V,V,R,F,D,P,A,S,P,S,S,L,H,F,L,Y,K,L,A,Q,L,F,R,W,I,
>PEX26_MACFA,250,0,0,0,1,W,D,S,A,V,S,H,F,F,S,L,P,F,K,K,S,L,L,A,A,L,I,L,C,L,L,V,V,R,F,D,P,A,S,P,S,S,L,P,S,L,Y,K,L,A,Q,L,F,R,W,I,
>PEX26_MOUSE,250,0,0,0,1,W,G,S,V,V,S,H,L,L,S,Q,P,F,R,K,G,L,L,A,A,L,I,L,C,L,L,I,L,R,F,D,P,A,A,P,S,S,L,P,F,L,Y,Q,L,T,Q,L,F,R,R,I,
>PLD3_BOVIN,250,0,250,250,1,M,N,E,I,E,A,W,K,A,A,E,K,K,A,R,W,V,L,L,V,L,I,L,A,V,V,G,F,G,A,L,M,T,Q,L,F,L,W,E,Y,G,D,L,H,L,F,G,P,N,Q,R,
>PLD3_HUMAN,269,0,269,269,1,M,N,E,I,E,A,W,K,A,A,E,K,K,A,R,W,V,L,L,V,L,I,L,A,V,V,G,F,G,A,L,M,T,Q,L,F,L,W,E,Y,G,D,L,H,L,F,G,P,N,Q,R,
>PLD3_MACFA,250,0,250,250,1,M,N,E,I,E,A,W,K,A,A,E,K,K,A,R,W,V,L,L,V,L,I,L,A,V,V,G,F,G,A,L,M,T,Q,L,F,L,W,E,Y,G,D,L,H,L,F,G,P,N,Q,R,
>PLD3_MOUSE,250,0,250,250,1,L,N,E,I,E,A,W,K,A,A,E,K,K,A,R,W,V,L,L,V,L,I,L,A,V,V,G,F,G,A,L,M,T,Q,L,F,L,W,E,Y,G,D,L,H,L,F,G,P,N,Q,R,
>PLD3_RAT,250,0,250,250,1,M,N,E,I,E,A,W,K,A,A,E,K,K,A,R,W,V,L,L,V,L,I,L,A,V,V,G,F,G,A,L,M,T,Q,L,F,L,W,E,Y,G,D,L,H,L,F,G,P,N,Q,H,
>PLD4_HUMAN,250,0,250,250,1,S,M,P,P,R,R,P,W,D,R,E,A,G,T,L,Q,V,L,G,A,L,A,V,L,W,L,G,S,V,A,L,I,C,L,L,W,Q,V,P,R,P,P,T,W,G,Q,V,Q,P,K,D,
>PLD4_MOUSE,305,0,269,269,2,V,E,V,S,D,W,P,C,S,T,S,H,D,P,H,S,G,L,G,M,V,L,G,M,L,A,V,L,G,L,S,S,V,T,L,I,L,F,L,W,Q,G,A,T,S,F,T,S,H,R,M,
>PLPL3_HUMAN,269,0,0,0,1,S,D,G,E,N,V,L,V,S,D,F,R,S,K,D,E,V,V,D,A,L,V,C,S,C,F,I,P,F,Y,S,G,L,I,P,P,S,F,R,G,V,R,Y,V,D,G,G,V,S,D,N,
>PLS3_HUMAN,250,0,0,0,1,D,F,G,L,Q,F,P,L,D,L,D,V,R,V,K,A,V,L,L,G,A,T,F,L,I,D,Y,M,F,F,E,K,R,G,G,A,G,P,S,A,V,T,S,X,X,X,X,X,X,X,X,
>PLS3_MOUSE,250,0,0,0,1,D,F,G,L,Q,F,P,V,D,L,D,V,K,V,K,A,V,L,L,G,A,T,F,L,I,D,Y,M,F,F,E,K,R,G,G,A,G,P,S,A,I,T,S,X,X,X,X,X,X,X,X,
>PLS3_RAT,305,0,0,0,1,D,F,G,L,Q,F,P,V,D,L,D,V,R,V,K,A,V,L,L,G,A,T,F,L,I,D,Y,M,F,F,E,K,R,G,G,A,G,P,S,A,I,T,S,X,X,X,X,X,X,X,X,
>PMGT1_BOVIN,250,0,250,0,2,Y,L,T,W,K,Y,K,L,T,N,Q,R,A,L,R,R,F,C,Q,T,G,A,V,L,F,L,L,V,T,V,I,V,N,I,K,L,I,L,D,T,R,R,A,I,S,E,A,S,E,D,L,
>PMGT1_HUMAN,305,0,269,0,2,Y,L,T,W,K,Y,K,L,T,N,Q,R,A,L,R,R,F,C,Q,T,G,A,V,L,F,L,L,V,T,V,I,V,N,I,K,L,I,L,D,T,R,R,A,I,S,E,A,N,E,D,P,
>PMGT2_BOVIN,250,0,0,250,3,X,X,X,X,X,X,X,X,H,L,S,A,V,L,N,A,L,L,V,S,V,L,A,A,V,L,W,K,H,V,R,L,R,E,H,A,A,S,L,E,E,E,L,A,V,G,R,R,A,A,D,
>PMGT2_CANLF,250,0,0,250,3,X,X,X,X,X,X,X,X,H,L,S,A,V,L,N,A,L,L,V,S,V,L,A,A,V,L,W,K,H,V,R,L,R,E,H,A,A,A,L,E,E,E,V,A,A,G,R,Q,A,P,A,
>PMGT2_HUMAN,269,0,0,269,1,X,X,X,X,X,X,X,X,H,L,S,A,V,F,N,A,L,L,V,S,V,L,A,A,V,L,W,K,H,V,R,L,R,E,H,A,A,T,L,E,E,E,L,A,L,S,R,Q,A,T,E,
>PMGT2_MOUSE,250,0,0,250,1,X,X,X,X,X,X,X,X,H,L,S,A,V,F,N,A,L,L,V,S,V,L,A,A,V,L,W,K,H,V,R,L,R,E,H,A,A,T,L,E,E,E,L,A,L,G,Q,Q,S,L,D,
>RDH11_HUMAN,269,0,0,269,1,X,X,X,X,X,X,X,X,X,X,V,E,L,M,F,P,L,L,L,L,L,L,P,F,L,L,Y,M,A,A,P,Q,I,R,K,M,L,S,S,G,V,C,T,S,T,V,Q,L,P,G,K,
>RDH11_MOUSE,269,0,0,269,3,X,X,X,X,X,X,X,X,X,X,X,X,X,X,F,G,F,L,L,L,L,S,L,P,F,I,L,Y,L,V,T,P,K,I,R,K,M,L,S,S,G,V,C,T,S,N,V,Q,L,P,G,
>RFNG_HUMAN,305,0,305,0,1,X,X,X,X,X,X,X,X,X,X,X,S,R,A,R,G,A,L,C,R,A,C,L,A,L,A,A,A,L,A,A,L,L,L,L,P,L,P,L,P,R,A,P,A,P,A,R,T,P,A,P,
>RFNG_MOUSE,305,0,305,0,1,X,X,X,X,X,X,X,X,X,X,X,S,R,A,R,R,V,L,C,R,A,C,L,A,L,A,A,V,L,A,V,L,L,L,L,P,L,P,L,P,L,P,L,P,R,A,P,A,P,D,P,
>RFNG_RAT,305,0,305,0,1,X,X,X,X,X,X,X,X,X,X,X,S,R,V,R,R,V,L,C,R,A,C,L,A,L,A,A,V,L,A,V,L,L,L,L,P,L,P,L,P,L,P,L,P,L,P,R,A,P,A,P,
>RXLT1_HUMAN,305,0,269,0,1,X,X,X,X,X,X,X,X,X,X,R,L,T,R,K,R,L,C,S,F,L,I,A,L,Y,C,L,F,S,L,Y,A,A,Y,H,V,F,F,G,R,R,R,Q,A,P,A,G,S,P,R,G,
>RXLT1_MOUSE,250,0,250,0,1,X,X,X,X,X,X,X,X,X,X,R,L,T,R,T,R,L,C,S,L,L,V,A,L,Y,C,L,F,S,I,Y,A,A,Y,H,V,F,F,G,R,R,R,R,P,L,G,T,T,S,R,N,
>SACA3_HUMAN,305,0,0,0,1,T,S,A,A,G,I,E,A,R,S,R,A,L,R,R,R,W,C,P,A,G,I,M,L,L,A,L,V,C,L,L,S,C,L,L,P,S,S,E,A,K,L,Y,G,R,C,E,L,A,R,V,
>SACA3_MOUSE,305,0,0,0,1,Y,L,C,H,R,M,E,A,R,S,R,A,P,R,R,Q,L,C,P,P,G,I,T,W,L,A,L,A,Y,L,L,S,C,L,L,A,S,S,K,A,K,V,F,S,R,C,E,L,A,K,E,
>SC11A_BOVIN,250,0,0,250,2,G,I,V,T,I,L,M,N,D,Y,P,K,F,K,Y,A,V,L,F,L,L,G,L,F,V,L,V,H,R,E,X,X,X,X,X,X,X,X,X,X,X,X,X,X,X,X,X,X,X,X,X,
>SC11C_HUMAN,250,0,0,250,1,I,F,G,D,L,K,K,M,N,K,R,Q,L,Y,Y,Q,V,L,N,F,A,M,I,V,S,S,A,L,M,I,W,K,G,L,I,V,L,T,G,S,E,S,P,I,V,V,V,L,S,G,S,
>SC11C_MOUSE,250,0,0,250,1,I,F,G,D,L,R,K,M,N,K,R,Q,L,Y,Y,Q,V,L,N,F,A,M,I,V,S,S,A,L,M,I,W,K,G,L,I,V,L,T,G,S,E,S,P,I,V,V,V,L,S,G,S,
>SCAR3_HUMAN,269,0,269,269,2,T,Q,K,G,R,P,G,P,R,C,S,R,C,Q,K,N,L,S,L,H,T,S,V,R,I,L,Y,L,F,L,A,L,L,L,V,A,V,A,V,L,A,S,L,V,F,R,K,V,D,S,L,
>SCAR3_MOUSE,250,0,250,250,2,T,Q,E,G,R,A,G,P,R,C,N,R,C,Q,K,N,L,S,L,H,T,S,V,R,I,L,Y,L,F,L,T,L,L,L,V,A,V,A,V,L,A,S,L,V,F,R,K,V,D,S,L,
>SEC1_BOVIN,250,0,250,0,1,K,T,A,A,T,R,F,W,A,T,C,P,S,S,S,T,V,C,F,L,F,V,I,F,A,V,S,T,V,F,H,C,H,R,R,L,A,L,V,P,A,P,W,A,Y,A,G,H,V,V,L,
>SEC1_MOUSE,250,0,250,0,2,P,S,D,S,C,L,L,S,L,T,V,L,Q,R,L,R,A,I,C,P,P,L,S,T,F,Y,L,F,F,V,I,F,V,V,S,T,I,F,H,C,H,R,R,L,G,L,V,P,A,P,W,
>SG196_HUMAN,305,0,0,305,1,X,X,X,X,X,X,X,E,K,Q,P,Q,N,S,R,R,G,L,A,P,R,E,V,P,P,A,V,G,L,L,L,I,M,A,L,M,N,T,L,L,Y,L,C,L,D,H,F,F,I,A,P,
>SG196_MACFA,250,0,0,250,1,X,X,X,X,X,X,X,E,K,Q,P,Q,N,K,R,R,G,L,A,P,R,E,V,P,P,A,V,G,L,L,L,I,M,A,L,M,N,T,L,L,Y,L,C,L,D,H,F,F,I,A,P,
>SG196_MOUSE,250,0,0,250,3,G,T,R,N,G,L,T,H,R,E,L,P,R,G,V,G,L,L,L,A,M,A,L,M,N,V,A,L,Y,L,C,L,D,Q,L,F,I,S,P,G,R,S,T,A,D,S,R,R,C,P,P,
>SG196_RAT,250,0,0,250,1,G,A,R,N,G,L,T,H,R,E,L,P,R,G,M,G,L,L,L,A,M,A,L,M,N,V,V,L,Y,V,C,L,D,H,L,F,I,S,P,G,R,A,T,E,D,P,R,R,C,P,P,
>SIA10_BOVIN,305,0,305,0,1,X,X,X,X,X,X,X,X,X,X,X,X,X,R,G,Y,L,L,A,I,F,L,S,A,V,F,L,Y,Y,V,L,H,C,I,L,W,R,T,N,D,Y,G,V,T,P,M,E,M,K,Q,R,
>SIA10_HUMAN,305,0,305,0,1,X,X,X,X,X,X,X,X,X,X,X,X,X,R,G,Y,L,V,A,I,F,L,S,A,V,F,L,Y,Y,V,L,H,C,I,L,W,G,T,N,V,Y,W,V,A,P,V,E,M,K,R,R,
>SIA10_MOUSE,305,0,305,0,1,X,X,X,X,X,X,X,X,X,X,X,X,X,K,G,Y,L,V,A,I,F,L,S,S,I,F,L,Y,Y,V,L,Y,C,I,L,W,G,T,N,G,Y,W,F,P,A,E,E,M,R,T,R,
>SIA10_RAT,305,0,305,0,1,X,X,X,X,X,X,X,X,X,X,X,X,X,K,G,Y,V,V,A,I,F,L,S,S,I,F,L,Y,Y,V,L,Y,C,I,L,W,G,T,N,G,Y,W,F,P,N,E,E,M,K,S,K,
>SIA4C_MOUSE,250,0,250,0,1,X,X,X,X,X,X,X,X,X,T,S,K,S,H,W,K,L,L,A,L,A,L,V,L,V,V,V,M,V,W,Y,S,I,S,R,E,D,R,Y,I,E,F,F,Y,F,P,I,S,E,K,K,
>SIA4C_PANTR,250,0,250,0,1,X,X,X,X,X,X,X,X,X,X,C,P,A,G,W,K,L,L,A,M,L,A,L,V,L,V,V,M,V,W,Y,S,I,S,R,E,D,S,F,Y,F,P,I,P,E,K,K,E,P,C,L,
>SIA4C_RAT,250,0,250,0,1,X,X,X,X,X,X,X,X,X,T,S,K,S,H,W,K,L,L,A,L,A,L,V,L,V,V,V,M,V,W,Y,S,I,S,R,E,D,R,Y,I,E,F,F,Y,F,P,V,S,E,K,K,
>SIA7A_HUMAN,305,0,305,0,2,S,C,L,W,R,C,R,H,L,S,Q,G,V,Q,W,S,L,L,L,A,V,L,V,F,F,L,F,A,L,P,S,F,I,K,E,P,Q,T,K,P,S,R,H,Q,R,T,E,N,I,K,E,
>SIA7A_MOUSE,305,0,305,0,1,X,X,X,X,X,T,R,Y,C,R,G,L,S,Q,R,Q,A,F,L,L,L,T,V,L,A,L,L,F,I,L,L,F,V,V,K,D,P,R,A,K,D,S,R,C,Q,F,I,W,K,N,D,
>SIA7B_HUMAN,305,0,305,0,2,X,X,X,X,X,X,X,G,L,P,R,G,S,F,F,W,L,L,L,L,L,T,A,A,C,S,G,L,L,F,A,L,Y,F,S,A,V,Q,R,Y,P,G,P,A,A,G,A,R,D,T,T,
>SIA7B_MOUSE,305,0,305,0,2,X,X,X,X,X,X,X,X,X,X,X,D,L,P,R,R,W,L,F,R,M,L,L,L,V,A,T,S,S,G,I,L,L,M,L,Y,S,S,A,G,Q,Q,S,P,E,T,Q,V,P,A,R,
>SIA7C_HUMAN,305,0,305,0,1,X,X,X,X,X,X,X,X,A,C,I,L,K,R,K,S,V,I,A,V,S,F,I,A,A,F,L,F,L,L,V,V,R,L,V,N,E,V,N,F,P,L,L,L,N,C,F,G,Q,P,G,
>SIA7C_MOUSE,305,0,305,0,1,X,X,X,X,X,X,X,X,A,C,I,L,K,R,K,P,V,L,V,V,S,F,I,A,L,C,I,L,L,L,A,M,R,L,V,N,D,A,T,F,P,L,L,L,N,C,F,G,Q,P,K,
>SIA7C_RAT,305,0,305,0,1,X,X,X,X,X,X,X,X,A,C,I,L,K,R,K,P,A,L,A,V,S,F,I,A,L,C,I,L,L,L,A,M,R,L,A,N,D,V,T,F,P,L,L,L,N,C,F,G,Q,P,K,
>SIA7D_HUMAN,250,0,250,0,1,X,X,X,X,X,X,X,X,X,X,X,K,A,P,G,R,L,V,L,I,I,L,C,S,V,V,F,S,A,V,Y,I,L,L,C,C,W,A,G,L,P,L,C,L,A,T,C,L,D,H,H,
>SIA7D_MOUSE,250,0,250,0,1,S,L,Q,T,A,K,S,R,D,S,M,K,A,P,G,R,L,L,L,L,T,L,C,I,L,T,F,S,A,V,C,V,F,L,C,C,W,A,C,L,P,L,C,L,A,T,C,L,D,R,H,
>SIA7E_HUMAN,250,0,250,0,2,X,X,X,X,X,X,X,X,X,X,K,T,L,M,R,H,G,L,A,V,C,L,A,L,T,T,M,C,T,S,L,L,L,V,Y,S,S,L,G,G,Q,K,E,R,P,P,Q,Q,Q,Q,Q,
>SIA7F_BOVIN,250,0,250,0,1,L,S,R,R,R,R,E,M,K,S,N,K,E,Q,R,S,A,V,F,V,I,L,F,A,L,I,T,I,L,I,L,Y,S,S,S,S,A,N,E,V,F,H,Y,G,S,L,R,G,R,T,R,
>SIA7F_HUMAN,250,0,250,0,1,L,S,R,R,R,R,E,M,S,S,N,K,E,Q,R,S,A,V,F,V,I,L,F,A,L,I,T,I,L,I,L,Y,S,S,N,S,A,N,E,V,F,H,Y,G,S,L,R,G,R,S,R,
>SIA7F_MOUSE,250,0,250,0,1,F,S,R,R,R,R,E,M,S,S,N,K,E,Q,R,S,A,V,F,V,I,L,F,A,L,I,T,I,L,I,L,Y,S,S,N,S,A,N,E,V,F,H,Y,G,S,L,R,G,R,T,R,
>SIA8A_BOVIN,305,0,305,0,1,S,R,G,A,M,A,V,L,A,W,K,F,P,R,T,R,L,P,V,G,A,S,A,L,C,V,V,V,L,C,W,L,Y,V,F,P,V,Y,R,L,P,D,E,K,E,I,V,Q,G,V,L,
>SIA8A_HUMAN,305,0,305,0,2,S,R,G,A,M,A,V,L,A,W,K,F,P,R,T,R,L,P,M,G,A,S,A,L,C,V,V,V,L,C,W,L,Y,I,F,P,V,Y,R,L,P,N,E,K,E,I,V,Q,G,V,L,
>SIA8A_MOUSE,305,0,305,0,1,S,R,G,A,M,A,M,L,A,R,K,F,P,R,T,R,L,P,V,G,A,S,A,L,C,V,V,V,L,C,W,L,Y,I,F,P,V,Y,R,L,P,N,E,K,E,I,V,Q,G,V,L,
>SIA8B_HUMAN,305,0,305,0,1,X,X,X,X,X,X,X,X,X,Q,L,Q,F,R,S,W,M,L,A,A,L,T,L,L,V,V,F,L,I,F,A,D,I,S,E,I,E,E,E,I,G,N,S,G,G,R,G,T,I,R,S,
>SIA8B_MOUSE,305,0,305,0,1,X,X,X,X,X,X,X,X,X,Q,L,Q,F,R,S,W,M,L,A,A,L,T,L,L,V,V,F,L,I,F,A,D,I,S,E,I,E,E,E,I,G,N,S,G,G,R,G,T,I,R,S,
>SIA8C_HUMAN,305,0,305,0,2,X,X,X,X,X,X,X,X,X,R,N,C,K,M,A,R,V,A,S,V,L,G,L,V,M,L,S,V,A,L,L,I,L,S,L,I,S,Y,V,S,L,K,K,E,N,I,F,T,T,P,K,
>SIA8C_MOUSE,305,0,305,0,2,X,X,X,X,X,X,X,X,X,R,N,C,K,M,A,R,V,A,S,V,L,G,L,V,M,L,S,V,A,L,L,I,L,S,L,I,S,Y,V,S,L,K,K,E,N,I,F,T,T,P,K,
>SIA8D_BOVIN,305,0,305,0,1,G,I,L,L,D,S,E,C,G,K,E,I,D,S,H,N,F,V,I,R,C,N,L,A,P,V,V,E,F,A,A,D,V,G,T,K,S,D,F,I,T,M,N,P,S,V,V,Q,R,A,F,
>SIA8D_CRIGR,305,0,305,0,1,G,I,L,L,D,S,G,C,G,K,E,I,D,S,H,N,F,V,I,R,C,N,L,A,P,V,V,E,F,A,A,D,V,G,T,K,S,D,F,I,T,M,N,P,S,V,V,Q,R,A,F,
>SIA8F_HUMAN,305,0,305,0,2,X,X,X,X,X,X,X,X,X,X,X,X,R,P,G,G,A,L,L,A,L,L,A,S,L,L,L,L,L,L,L,R,L,L,W,C,P,A,D,A,P,G,R,A,R,I,L,V,E,E,S,
>SIA8F_MOUSE,305,0,305,0,1,X,X,X,X,X,X,X,X,X,X,X,R,S,G,G,T,L,F,A,L,I,G,S,L,M,L,L,L,L,L,R,M,L,W,C,P,A,D,A,P,A,R,S,R,L,L,M,E,G,S,R,
>SIAT1_HUMAN,305,0,269,0,2,X,X,X,X,X,X,I,H,T,N,L,K,K,K,F,S,C,C,V,L,V,F,L,L,F,A,V,I,C,V,W,K,E,K,K,K,G,S,Y,Y,D,S,F,K,L,Q,T,K,E,F,Q,
>SIAT1_RAT,305,0,269,0,1,X,X,X,X,X,X,I,H,T,N,L,K,K,K,F,S,L,F,I,L,V,F,L,L,F,A,V,I,C,V,W,K,K,G,S,D,Y,E,A,L,T,L,Q,A,K,E,F,Q,M,P,K,
>SIAT2_BOVIN,250,0,250,0,1,X,X,X,X,X,X,K,P,H,L,K,Q,W,R,Q,G,M,L,C,G,V,F,A,W,G,L,F,F,V,V,I,F,L,Y,F,T,D,S,S,P,A,K,P,A,P,S,S,F,S,F,L,
>SIAT2_HUMAN,250,0,250,0,1,X,X,X,X,X,X,K,P,H,L,K,Q,W,R,Q,R,M,L,F,G,I,F,A,W,G,L,L,F,L,L,I,F,I,Y,F,T,D,S,N,P,A,E,P,V,P,S,S,L,S,F,L,
>SIAT2_MOUSE,250,0,250,0,1,X,X,X,X,X,X,K,P,H,L,K,Q,W,R,Q,R,M,L,F,G,I,F,V,W,G,L,L,F,L,A,I,F,I,Y,F,T,N,S,N,P,A,A,P,M,P,S,S,F,S,F,L,
>SIAT2_RAT,250,0,250,0,1,X,X,X,X,X,X,K,P,H,L,K,Q,W,R,Q,R,M,L,F,A,I,F,V,W,G,L,L,F,L,A,I,F,I,Y,F,T,N,S,N,P,A,A,P,M,P,S,S,F,S,F,L,
>SIAT6_PANTR,250,0,250,0,1,X,X,X,X,X,X,X,X,G,L,L,V,F,V,R,N,L,L,L,A,L,C,L,F,L,V,L,G,F,L,Y,Y,S,A,W,K,L,H,L,L,Q,W,E,E,D,S,N,S,V,V,L,
>SIAT9_BOVIN,305,0,305,0,2,T,R,A,Q,N,K,M,R,R,P,N,L,L,L,K,D,I,L,K,C,T,L,L,L,F,G,V,W,I,L,F,Y,I,L,K,L,N,H,T,T,E,E,C,D,M,K,R,M,P,Y,M,
>SIAT9_HUMAN,305,0,305,0,2,T,R,A,Q,S,K,M,R,R,P,S,L,L,L,K,D,I,L,K,C,T,L,L,V,F,G,V,W,I,L,Y,I,L,K,L,N,Y,T,T,E,E,C,D,M,K,K,M,H,Y,V,D,
>SIAT9_MOUSE,305,0,305,0,2,T,R,T,Q,H,K,M,R,R,P,S,L,L,I,K,D,I,C,K,C,T,L,V,A,F,G,V,W,L,L,Y,I,L,I,L,N,Y,T,A,E,E,C,D,M,K,R,M,H,Y,V,D,
>SIAT9_RAT,305,0,305,0,2,T,Q,T,Q,H,K,M,R,R,P,S,L,L,L,K,D,I,L,K,C,M,L,V,V,F,G,V,W,L,L,Y,I,L,K,L,N,Y,T,A,E,E,C,D,M,K,K,L,N,Y,V,D,
>SLC31_HUMAN,269,0,0,0,1,V,L,F,Q,F,S,G,Q,A,R,Y,R,I,P,R,E,I,L,F,W,L,T,V,A,S,V,L,V,L,I,A,A,T,I,A,I,I,A,L,S,P,K,C,L,D,W,W,Q,E,G,P,
>SLC31_MOUSE,269,0,0,0,1,V,L,F,Q,F,S,G,Q,A,R,Y,R,V,P,R,E,I,L,F,W,L,T,V,V,S,V,F,L,L,I,G,A,T,I,A,I,I,V,I,S,P,K,C,L,D,W,W,Q,A,G,P,
>SPCS3_BOVIN,305,0,0,250,2,X,X,X,X,X,X,X,N,T,V,L,S,R,A,N,S,L,F,A,F,S,L,S,V,M,A,A,L,T,F,G,C,F,I,T,T,A,F,K,D,R,S,V,P,V,R,L,H,V,S,R,
>SUN1_HUMAN,269,0,0,0,2,W,L,N,V,F,L,L,T,R,C,L,R,N,I,C,K,F,L,V,L,L,I,P,L,F,L,L,L,A,G,L,S,L,R,G,Q,G,N,F,F,S,F,L,P,V,L,N,W,A,S,M,
>SUN1_MOUSE,269,0,0,0,2,W,L,N,V,F,L,L,T,R,C,L,R,N,I,C,K,V,F,V,L,L,L,P,L,L,L,L,L,G,A,G,V,S,L,W,G,Q,G,N,F,F,S,L,L,P,V,L,N,W,T,A,
>SUN2_HUMAN,305,0,0,0,2,L,L,D,V,F,V,L,T,R,R,F,S,S,L,K,T,F,L,W,F,L,L,P,L,L,L,L,T,C,L,T,Y,G,A,W,Y,F,Y,P,Y,G,L,Q,T,F,H,P,A,L,V,S,
>SUN2_MOUSE,250,0,0,0,2,V,F,V,L,T,R,S,R,H,F,S,L,N,L,K,S,F,L,W,F,L,L,L,L,L,L,L,T,G,L,T,Y,G,A,W,H,F,Y,P,L,G,L,Q,T,L,Q,P,A,V,V,S,
>TM11G_RAT,269,0,0,0,1,Q,P,G,I,L,G,R,R,K,R,V,C,K,P,W,T,V,A,L,T,T,T,A,A,L,L,A,L,A,V,L,I,G,L,L,V,Y,F,L,V,Y,E,E,K,T,H,Y,Y,Q,A,S,
>TMPS3_HUMAN,269,0,0,269,1,A,V,A,A,Q,I,L,S,L,L,P,L,K,F,F,P,I,I,V,I,G,I,I,A,L,I,L,A,L,A,I,G,L,G,I,H,F,D,C,S,G,K,Y,R,C,R,S,S,F,K,C,
>TMPS3_MOUSE,269,0,0,269,2,A,V,A,A,Q,I,L,S,L,L,P,L,K,F,F,P,I,I,V,I,G,I,I,A,L,I,L,A,L,A,I,G,L,G,I,H,F,D,C,S,G,K,Y,R,C,H,S,S,F,K,C,
>TNF15_HUMAN,305,0,0,0,1,E,H,G,S,C,R,P,K,A,R,S,S,S,A,R,W,A,L,T,C,C,L,V,L,L,P,F,L,A,G,L,T,T,Y,L,L,V,S,Q,L,R,A,Q,G,E,A,C,V,Q,F,Q,
>TNMD_HUMAN,305,0,0,0,1,C,E,D,C,H,I,L,N,A,E,A,F,K,S,K,K,I,C,K,S,L,K,I,C,G,L,V,F,G,I,L,A,L,T,L,I,V,L,F,W,G,S,K,H,F,W,P,E,V,P,K,
>TPST1_HUMAN,269,0,269,0,1,X,X,X,X,X,X,X,X,X,V,G,K,L,K,Q,N,L,L,L,A,C,L,V,I,S,S,V,T,V,F,Y,L,G,Q,H,A,M,E,C,H,H,R,I,E,E,R,S,Q,P,V,K,
>TPST1_MOUSE,250,0,250,0,1,X,X,X,X,X,X,X,X,X,V,G,K,L,K,Q,N,L,L,L,A,C,L,V,I,S,S,V,T,V,F,Y,L,G,Q,H,A,M,E,C,H,H,R,I,E,E,R,S,Q,P,A,R,
>TPST2_BOVIN,250,0,250,0,1,X,X,X,X,X,X,X,X,X,X,R,L,S,M,R,R,A,L,L,A,A,G,L,A,L,A,L,V,L,A,V,H,L,G,Q,R,V,L,E,C,Q,A,V,L,G,G,P,R,G,P,R,
>TPST2_HUMAN,269,0,269,0,1,X,X,X,X,X,X,X,X,X,X,R,L,S,V,R,R,V,L,L,A,A,G,C,A,L,V,L,V,L,A,V,Q,L,G,Q,Q,V,L,E,C,R,A,V,L,A,G,L,R,S,P,R,
>TPST2_MOUSE,250,0,250,0,1,X,X,X,X,X,X,X,X,X,X,R,L,S,V,R,K,V,L,L,A,A,G,C,A,L,A,L,V,L,A,V,Q,L,G,Q,Q,V,L,E,C,R,A,V,L,G,G,T,R,N,P,R,
>TRDN_CANLF,269,0,0,0,1,T,V,T,E,D,I,V,T,T,F,S,S,P,A,A,W,L,L,V,I,A,L,I,I,T,W,S,A,V,A,V,V,M,F,D,L,V,D,Y,K,N,F,S,A,S,S,L,S,K,I,G,
>TRDN_MOUSE,250,0,0,0,1,S,V,T,E,D,I,V,T,T,F,S,S,P,A,A,W,L,L,V,I,A,L,I,I,T,W,S,A,V,A,I,V,M,F,D,L,V,D,Y,K,N,F,S,A,S,S,I,A,K,I,G,
>TRDN_RABIT,269,0,0,0,1,T,V,T,E,D,L,V,T,T,F,S,S,P,A,A,W,L,L,V,I,A,L,I,I,T,W,S,A,V,A,V,V,M,F,D,L,V,D,Y,K,N,F,S,A,S,S,I,A,K,M,G,
>UST_HUMAN,250,0,250,0,1,R,V,P,L,L,P,F,L,R,F,S,L,R,D,Y,G,F,C,M,A,T,L,L,V,F,C,L,G,S,L,L,Y,Q,L,S,G,G,P,P,R,F,L,L,D,L,R,Q,Y,L,G,N,
>UST_MOUSE,250,0,250,0,1,R,I,P,L,L,P,F,L,R,F,S,L,R,D,Y,G,F,C,M,A,T,L,L,V,F,C,L,G,S,L,F,Y,Q,L,S,G,G,P,P,R,F,L,L,D,L,R,Q,Y,L,G,N,
>UXS1_HUMAN,250,0,250,0,1,K,A,L,L,R,L,V,S,A,V,N,R,R,R,M,K,L,L,L,G,I,A,L,L,A,Y,V,A,S,V,W,G,N,F,V,N,M,R,S,I,Q,E,N,G,E,L,K,I,E,S,K,
>XBP1_BOVIN,250,0,0,250,2,Q,V,Q,A,Q,L,S,P,L,Q,N,I,S,P,W,T,L,M,A,L,T,L,Q,T,L,S,L,T,S,C,W,A,F,C,S,T,W,T,Q,S,C,S,S,D,V,L,P,Q,S,L,P,
>XBP1_MOUSE,250,0,0,250,1,C,A,P,L,Q,Q,V,Q,A,Q,L,S,P,P,Q,N,I,F,P,W,T,L,T,L,L,P,L,Q,I,L,S,L,I,S,F,W,A,F,W,T,S,W,T,L,S,C,F,S,N,V,L,
>XBP1_RAT,250,0,0,250,1,R,A,P,L,Q,Q,V,Q,A,Q,L,S,P,P,Q,N,I,F,P,W,I,L,T,L,L,P,L,Q,I,L,S,L,I,S,F,W,A,F,W,T,S,W,T,L,S,C,F,S,N,V,L,
>XXLT1_HUMAN,269,0,0,269,1,P,C,A,R,A,M,A,R,L,G,A,V,R,S,H,Y,C,A,L,L,L,A,A,A,L,A,V,C,A,F,Y,Y,L,G,S,G,R,E,T,F,S,S,A,T,K,R,L,K,E,A,R,
>XXLT1_MOUSE,250,0,0,250,1,A,C,A,R,A,M,A,R,L,G,A,L,R,S,H,Y,C,A,L,L,L,A,A,A,L,A,V,C,A,F,Y,Y,L,G,S,G,R,E,T,F,S,S,A,T,K,R,L,K,E,A,R,
>XYLK_HUMAN,269,0,269,0,1,X,X,X,X,X,X,X,X,X,X,X,K,L,K,Q,R,V,V,L,L,A,I,L,L,V,I,F,I,F,T,K,V,F,L,I,D,N,L,D,T,S,A,A,N,R,E,D,Q,R,A,F,
>XYLT1_CANLF,250,0,250,0,2,X,X,X,X,X,X,X,X,V,A,A,P,S,A,R,R,L,V,R,R,S,H,S,A,L,L,A,A,L,T,V,L,L,L,Q,T,L,V,G,W,N,F,S,S,L,H,S,G,A,G,E,
>XYLT1_HUMAN,305,0,269,0,2,X,X,X,X,X,X,X,X,V,A,A,P,C,A,R,R,L,A,R,R,S,H,S,A,L,L,A,A,L,T,V,L,L,L,Q,T,L,V,V,W,N,F,S,S,L,D,S,G,A,G,E,
>XYLT1_MOUSE,305,0,269,0,1,X,V,A,A,P,C,A,R,R,L,A,R,R,S,H,S,A,L,L,A,A,L,M,V,L,L,L,H,T,L,V,V,W,N,F,S,S,L,D,S,G,A,G,E,Q,R,R,A,G,A,A,
>XYLT2_BOVIN,250,0,250,0,1,X,X,V,A,S,A,R,V,Q,K,L,V,R,R,Y,K,L,A,I,A,T,A,L,A,I,L,L,L,Q,G,L,V,V,W,S,F,S,V,L,E,D,D,E,P,G,E,K,G,R,Q,K,
>XYLT2_CANLF,250,0,250,0,1,X,X,V,A,S,A,R,V,Q,K,L,V,R,R,Y,K,L,A,I,A,T,A,L,A,I,L,L,L,Q,G,L,V,V,W,S,F,S,G,L,E,E,D,E,P,G,E,K,G,R,Q,R,
>XYLT2_HUMAN,305,0,305,0,1,X,X,V,A,S,A,R,V,Q,K,L,V,R,R,Y,K,L,A,I,A,T,A,L,A,I,L,L,L,Q,G,L,V,V,W,S,F,S,G,L,E,E,D,E,A,G,E,K,G,R,Q,R,
>XYLT2_MOUSE,250,0,250,0,1,X,X,V,A,S,A,R,V,Q,K,L,V,R,R,Y,K,L,A,I,A,T,A,L,A,I,L,L,L,Q,G,L,V,V,W,S,F,S,G,L,E,E,D,E,P,G,E,K,G,R,Q,R,
>XYLT2_RAT,250,0,250,0,1,X,X,V,A,S,A,R,V,Q,K,L,V,R,R,Y,K,L,A,I,A,T,A,L,A,I,L,L,L,Q,G,L,V,V,W,S,F,S,G,L,E,E,D,E,P,G,E,K,G,R,Q,R,
