>A3LT2_RAT,269,0,269,0
MALEGLRAKKRLLWRLFLSAFGLLGLYHYWFKIFRLFEVFIPMGICPMAIMPLLKDNFTGVLRHWARPEVLTCTSWGAPIIWDETFDPHVAEREARRQNLTIGLTVFAVGRYLEKYLEHFLVSAEQYFMVGQNVVYYVFTDRPEAVPHVALGQGRLLRVKPVRREKRWQDVSMARMLTLHEALGGQLGREADYVFCLDVDQYFSGNFGPEVLADLVAQLHAWHFRWPRWMLPYERDKRSAAALSLSEGDFYYHAAVFGGSVAALLKLTAHCATGQQLDREHGIEARWHDESHLNKFFWLSKPTKLLSPEFCWAEEIGWRPEIHHPRLIWAPKEYALVRT
>B3GA3_HUMAN,269,0,269,0
MKLKLKNVFLAYFLVSIAGLLYALVQLGQPCDCLPPLRAAAEQLRQKDLRISQLQAELRRPPPAPAQPPEPEALPTIYVVTPTYARLVQKAELVRLSQTLSLVPRLHWLLVEDAEGPTPLVSGLLAASGLLFTHLVVLTPKAQRLREGEPGWVHPRGVEQRNKALDWLRGRGGAVGGEKDPPPPGTQGVVYFADDDNTYSRELFEEMRWTRGVSVWPVGLVGGLRFEGPQVQDGRVVGFHTAWEPSRPFPVDMAGFAVALPLLLDKPNAQFDSTAPRGHLESSLLSHLVDPKDLEPRAANCTRVLVWHTRTEKPKMKQEEQLQRQGRGSDPAIEV
>B3GN6_HUMAN,269,0,269,0
MAFPCRRSLTAKTLACLLVGVSFLALQQWFLQAPRSPREERSPQEETPEGPTDAPAADEPPSELVPGPPCVANASANATADFEQLPARIQDFLRYRHCRHFPLLWDAPAKCAGGRGVFLLLAVKSAPEHYERRELIRRTWGQERSYGGRPVRRLFLLGTPGPEDEARAERLAELVALEAREHGDVLQWAFADTFLNLTLKHLHLLDWLAARCPHARFLLSGDDDVFVHTANVVRFLQAQPPGRHLFSGQLMEGSVPIRDSWSKYFVPPQLFPGSAYPVYCSGGGFLLSGPTARALRAAARHTPLFPIDDAYMGMCLERAGLAPSGHEGIRPFGVQLPGAQQSSFDPCMYRELLLVHRFAPYEMLLMWKALHSPALSCDRGHRVS
>B3GT6_HUMAN,269,0,269,0
MKLLRRAWRRRAALGLGTLALCGAALLYLARCAAEPGDPRAMSGRSPPPPAPARAAAFLAVLVASAPRAAERRSVIRSTWLARRGAPGDVWARFAVGTAGLGAEERRALEREQARHGDLLLLPALRDAYENLTAKVLAMLAWLDEHVAFEFVLKADDDSFARLDALLAELRAREPARRRRLYWGFFSGRGRVKPGGRWREAAWQLCDYYLPYALGGGYVLSADLVHYLRLSRDYLRAWHSEDVSLGAWLAPVDVQREHDPRFDTEYRSRGCSNQYLVTHKQSLEDMLEKHATLAREGRLCKREVQLRLSYVYDWSAPPSQCCQRREGIP
>B4GA1_HUMAN,269,0,269,0
MQMSYAIRCAFYQLLLAALMLVAMLQLLYLSLLSGLHGQEEQDQYFEFFPPSPRSVDQVKAQLRTALASGGVLDASGDYRVYRGLLKTTMDPNDVILATHASVDNLLHLSGLLERWEGPLSVSVFAATKEEAQLATVLAYALSSHCPDMRARVAMHLVCPSRYEAAVPDPREPGEFALLRSCQEVFDKLARVAQPGINYALGTNVSYPNNLLRNLAREGANYALVIDVDMVPSEGLWRGLREMLDQSNQWGGTALVVPAFEIRRARRMPMNKNELVQLYQVGEVRPFYYGLCTPCQAPTNYSRWVNLPEESLLRPAYVVPWQDPWEPFYVAGGKVPTFDERFRQYGFNRISQACELHVAGFDFEVLNEGFLVHKGFKEALKFHPQKEAENQHNKILYRQFKQELKAKYPNSPRRC
>B4GN3_HUMAN,269,0,269,0
MGSPRAARPPLLLRPVKLLRRRFRLLLALAVVSVGLWTLYLELVASAQVGGNPLNRRYGSWRELAKALASRNIPAVDPHLQFYHPQRLSLEDHDIDQGVSSNSSYLKWNKPVPWLSEFRGRANLHVFEDWCGSSIQQLRRNLHFPLYPHIRTTLRKLAVSPKWTNYGLRIFGYLHPFTDGKIQFAIAADDNAEFWLSLDDQVSGLQLLASVGKTGKEWTAPGEFGKFRSQISKPVSLSASHRYYFEVLHKQNEEGTDHVEVAWRRNDPGAKFTIIDSLSLSLFTNETFLQMDEVGHIPQTAASHVDSSNALPRDEQPPADMLRPDPRDTLYRVPLIPKSHLRHVLPDCPYKPSYLVDGLPLQRYQGLRFVHLSFVYPNDYTRLSHMETHNKCFYQENAYYQDRFSFQEYIKIDQPEKQGLEQPGFEENLLEESQYGEVAEETPASNNQNARMLEGRQTPASTLEQDATDYRLRSLRKLLAQPREGLLAPFSKRNSTASFPGRTSHIPVQQPEKRKQKPSPEPSQDSPHSDKWPPGHPVKNLPQMRGPRPRPAGDSPRKTQWLNQVESYIAEQRRGDRMRPQAPGRGWHGEEEVVAAAGQEGQVEGEEEGEEEEEEEDMSEVFEYVPVFDPVVNWDQTFSARNLDFQALRTDWIDLSCNTSGNLLLPEQEALEVTRVFLKKLNQRSRGRYQLQRIVNVEKRQDQLRGGRYLLELELLEQGQRVVRLSEYVSARGWQGIDPAGGEEVEARNLQGLVWDPHNRRRQVLNTRAQEPKLCWPQGFSWSHRAVVHFVVPVKNQARWVQQFIKDMENLFQVTGDPHFNIVITDYSSEDMDVEMALKRSKLRSYQYVKLSGNFERSAGLQAGIDLVKDPHSIIFLCDLHIHFPAGVIDAIRKHCVEGKMAFAPMVMRLHCGATPQWPEGYWEVNGFGLLGIYKSDLDRIGGMNTKEFRDRWGGEDWELLDRILQAGLDVERLSLRNFFHHFHSKRGMWSRRQMKTL
>CANT1_RAT,269,0,269,269
MPIQPFDQREWNEPMHSLRISVGGLPVLASMTKATDPRFRPRWRVILTSFVGAALLWLLYSHHQTPVSGRPPIHNAHNWRLRQERISQYNDTYPLSPPQRTPGGIRYRIAVIADLDTGSKAQEENTWFSYLKKGYLTLSDSGDRVSVEWDKDRGVLESHLAEKGRGMELSDLIVFNGKLYSVDDRTGVIYQIEGTKAVPWVILSDGDGAVEKGFKAEWLAVKDEHLYVGGLGKEWTTTTGEVVNENPEWVKVVGHRGSVEHENWVSSYNALRAAAGIQPPGYLIHESACWSDTLQRWFFLPRRASHERYSEREDERKGSNLLLSAAQDFRDISVRQVGALVPTHGFSSFKFIPNTDDQIIVALKSEEDNGRIATYVMAFTLDGRFLLPETKIGSVKYEGIEFI
>CF089_HUMAN,269,0,269,0
MDLAANEISIYDKLSETVDLVRQTGHQCGMSEKAIEKFIRQLLEKNEPQRPPPQYPLLIVVYKVLATLGLILLTAYFVIQPFSPLAPEPVLSGAHTWRSLIHHIRLMSLPIAKKYMSENKGVPLHGGDEDRPFPDFDPWWTNDCEQNESEPIPANCTGCAQKHLKVMLLEDAPRKFERLHPLVIKTGKPLLEEEIQHFLCQYPEATEGFSEGFFAKWWRCFPERWFPFPYPWRRPLNRSQMLRELFPVFTHLPFPKDASLNKCSFLHPEPVVGSKMHKMPDLFIIGSGEAMLQLIPPFQCRRHCQSVAMPIEPGDIGYVDTTHWKVYVIARGVQPLVICDGTAFSEL
>CHST2_HUMAN,269,0,269,0
MSRSPQRALPPGALPRLLQAAPAAAPRALLPQWPRRPGRRWPASPLGMKVFRRKALVLCAGYALLLVLTMLNLLDYKWHKEPLQQCNPDGPLGAAAGAAGGSWGRPGPPPAGPPRAHARLDLRTPYRPPAAAVGAAPAAAAGMAGVAAPPGNGTRGTGGVGDKRQLVYVFTTWRSGSSFFGELFNQNPEVFFLYEPVWHVWQKLYPGDAVSLQGAARDMLSALYRCDLSVFQLYSPAGSGGRNLTTLGIFGAATNKVVCSSPLCPAYRKEVVGLVDDRVCKKCPPQRLARFEEECRKYRTLVIKGVRVFDVAVLAPLLRDPALDLKVIHLVRDPRAVASSRIRSRHGLIRESLQVVRSRDPRAHRMPFLEAAGHKLGAKKEGVGGPADYHALGAMEVICNSMAKTLQTALQPPDWLQGHYLVVRYEDLVGDPVKTLRRVYDFVGLLVSPEMEQFALNMTSGSGSSSKPFVVSARNATQAANAWRTALTFQQIKQVEEFCYQPMAVLGYERVNSPEEVKDLSKTLLRKPRL
>CHST4_HUMAN,269,0,269,0
MLLPKKMKLLLFLVSQMAILALFFHMYSHNISSLSMKAQPERMHVLVLSSWRSGSSFVGQLFGQHPDVFYLMEPAWHVWMTFKQSTAWMLHMAVRDLIRAVFLCDMSVFDAYMEPGPRRQSSLFQWENSRALCSAPACDIIPQDEIIPRAHCRLLCSQQPFEVVEKACRSYSHVVLKEVRFFNLQSLYPLLKDPSLNLHIVHLVRDPRAVFRSRERTKGDLMIDSRIVMGQHEQKLKKEDQPYYVMQVICQSQLEIYKTIQSLPKALQERYLLVRYEDLARAPVAQTSRMYEFVGLEFLPHLQTWVHNITRGKGMGDHAFHTNARDALNVSQAWRWSLPYEKVSRLQKACGDAMNLLGYRHVRSEQEQRNLLLDLLSTWTVPEQIH
>CHST4_MOUSE,269,0,269,0
MMLLKKGRLLMFLGSQVIVVALFIHMSVHRHLSQREESRRPVHVLVLSSWRSGSSFVGQLFGQHPDVFYLMEPAWHVWMTFTSSTAWKLHMAVRDLLRSVFLCDMSVFDAYMNPGPRKQSSLFQWEQSRALCSAPVCDFFPAHEISSPKHCKLLCGQQPFDMVEKACRSHGFVVLKEVRFLSLQALYPLLTDPSLNLHVVHLVRDPRAVFRSREHTTIELVVDSHIVLGQHLETIKEEDQPYYAMKIICKSQVDIVKAIQTLPEALQQRYLFLRYEDLVRAPLAQTTRLYKFVGLDFLPHLQTWVHNVTRGKGMGQHAFHTNARNALNVSQAWRWSLPYEKVSQLQDACGEAMDLLGYLQVRSQQEQGNLSLDLLSSSHILGQVFREG
>CREB3_HUMAN,269,0,269,269
MELELDAGDQDLLAFLLEESGDLGTAPDEAVRAPLDWALPLSEVPSDWEVDDLLCSLLSPPASLNILSSSNPCLVHHDHTYSLPRETVSMDLESESCRKEGTQMTPQHMEELAEQEIARLVLTDEEKSLLEKEGLILPETLPLTKTEEQILKRVRRKIRNKRSAQESRRKKKVYVGGLESRVLKYTAQNMELQNKVQLLEEQNLSLLDQLRKLQAMVIEISNKTSSSSTCILVLLVSFCLLLVPAMYSSDTRGSLPAEHGVLSRQLRALPSEDPYQLELPALQSEVPKDSTHQWLDGSDCVLQAPGNTSCLLHYMPQAPSAEPPLEWPFPDLFSEPLCRGPILPLQANLTRKGGWLPTGSPSVILQDRYSG
>ECE2_BOVIN,305,0,269,0
MSVALQELGGGGNMVEYKRATLRDEDAPETPVEGGASPDAVEAGFRKRTSRLLGLHTQLELVLAGVSLLLAALLLGCLVALGVQYHRDPSHSTCLTEACIRVAGKILESLDRGVSPCEDFYQFSCGGWIRRNPLPDGRSRWNTFNSLWDQNQAILKHLLENTTFNSSSEAERKTQRFYLSCLQVERIEELGAQPLRDLIDKIGGWNVTGPWDQDNFMEVLKAVAGTYRATPFFTVYVSADSKSSNSNIIQVDQSGLFLPSRDYYLNRTANEKVLTAYLDYMEELGMLLGGQPTSTREQMRQVLELEIQLANITVPQDQRRDEEKIYHKMSIAELQALAPSMDWLEFLSFLLSPLELGDSEPVVVYGTDYLQQVSELINRTEPSVLNNYLIWNLVQKTTSSLDHRFESAQEKLLETLYGTKKSCTPRWQTCISNTDDALGFALGSLFVKATFDRQSKEIAEGMISEIRAAFEEALGHLVWMDEKTRQAAKEKADAIYDMIGFPDFILEPKELDDVYDGYEVSEDSFFQNMLNLYNFSAKVMADQLRKPPSRDQWSMTPQTVNAYYLPTKNEIVFPAGILQAPFYTCNHPKALNFGGIGVVMGHELTHAFDDQGREYDKEGNLRPWWQNESLAAFRNHTACIEEQYSQYQVNGEKLNGRQTLGENIADNGGLKAAYNAYKAWLRKHGEEQQLPAVGLTNHQLFFVGFAQVWCSVRTPESSHEGLVTDPHSPARFRVLGTLSNSRDFLRHFGCPVGSPMNSGQLCEVW
>EFCE2_BOVIN,305,0,269,0
MACLGPSAQVPELPEKNCGYREVQYWDQRYQGAADSAPYEWFGDFSCFRDLLEPELRPLDRILVLGCGNSALSYEIFLGGFPDVTSVDYSSVVVAAMRARYAHVPTLRWETMDVRALGFPSGSFDVVLEKGTLDALLTGEQDPWTVSSEGVHTVDQVLNEAGFRKRTSRLLGLHTQLELVLAGVSLLLAALLLGCLVALGVQYHRDPSHSTCLTEACIRVAGKILESLDRGVSPCEDFYQFSCGGWIRRNPLPDGRSRWNTFNSLWDQNQAILKHLLENTTFNSSSEAERKTQRFYLSCLQVERIEELGAQPLRDLIDKIGGWNVTGPWDQDNFMEVLKAVAGTYRATPFFTVYVSADSKSSNSNIIQVDQSGLFLPSRDYYLNRTANEKVLTAYLDYMEELGMLLGGQPTSTREQMRQVLELEIQLANITVPQDQRRDEEKIYHKMSIAELQALAPSMDWLEFLSFLLSPLELGDSEPVVVYGTDYLQQVSELINRTEPSVLNNYLIWNLVQKTTSSLDHRFESAQEKLLETLYGTKKSCTPRWQTCISNTDDALGFALGSLFVKATFDRQSKEIAEGMISEIRAAFEEALGHLVWMDEKTRQAAKEKADAIYDMIGFPDFILEPKELDDVYDGYEVSEDSFFQNMLNLYNFSAKVMADQLRKPPSRDQWSMTPQTVNAYYLPTKNEIVFPAGILQAPFYTCNHPKALNFGGIGVVMGHELTHAFDDQGREYDKEGNLRPWWQNESLAAFRNHTACIEEQYSQYQVNGEKLNGRQTLGENIADNGGLKAAYNAYKAWLRKHGEEQQLPAVGLTNHQLFFVGFAQVWCSVRTPESSHEGLVTDPHSPARFRVLGTLSNSRDFLRHFGCPVGSPMNSGQLCEVW
>EXT1_HUMAN,269,0,269,269
MQAKKRYFILLSAGSCLALLFYFGGLQFRASRSHSRREEHSGRNGLHHPSPDHFWPRFPDALRPFVPWDQLENEDSSVHISPRQKRDANSSIYKGKKCRMESCFDFTLCKKNGFKVYVYPQQKGEKIAESYQNILAAIEGSRFYTSDPSQACLFVLSLDTLDRDQLSPQYVHNLRSKVQSLHLWNNGRNHLIFNLYSGTWPDYTEDVGFDIGQAMLAKASISTENFRPNFDVSIPLFSKDHPRTGGERGFLKFNTIPPLRKYMLVFKGKRYLTGIGSDTRNALYHVHNGEDVVLLTTCKHGKDWQKHKDSRCDRDNTEYEKYDYREMLHNATFCLVPRGRRLGSFRFLEALQAACVPVMLSNGWELPFSEVINWNQAAVIGDERLLLQIPSTIRSIHQDKILALRQQTQFLWEAYFSSVEKIVLTTLEIIQDRIFKHISRNSLIWNKHPGGLFVLPQYSSYLGDFPYYYANLGLKPPSKFTAVIHAVTPLVSQSQPVLKLLVAAAKSQYCAQIIVLWNCDKPLPAKHRWPATAVPVVVIEGESKVMSSRFLPYDNIITDAVLSLDEDTVLSTTEVDFAFTVWQSFPERIVGYPARSHFWDNSKERWGYTSKWTNDYSMVLTGAAIYHKYYHYLYSHYLPASLKNMVDQLANCEDILMNFLVSAVTKLPPIKVTQKKQYKETMMGQTSRASRWADPDHFAQRQSCMNTFASWFGYMPLIHSQMRLDPVLFKDQVSILRKKYRDIERL
>EXT1_MOUSE,269,0,269,269
MQAKKRYFILLSAGSCLALLFYFGGVQFRASRSHSRREEHSGRNGLHQPSPDHFWPRFPDALRPFFPWDQLENEDSSVHISPRQKRDANSSIYKGKKCRMESCFDFTLCKKNGFKVYVYPQQKGEKIAESYQNILAAIEGSRFYTSDPSQACLFVLSLDTLDRDQLSPQYVHNLRSKVQSLHLWNNGRNHLIFNLYSGTWPDYTEDVGFDIGQAMLAKASISTENFRPNFDVSIPLFSKDHPRTGGERGFLKFNTIPPLRKYMLVFKGKRYLTGIGSDTRNALYHVHNGEDVLLLTTCKHGKDWQKHKDSRCDRDNTEYEKYDYREMLHNATFCLVPRGRRLGSFRFLEALQAACVPVMLSNGWELPFSEVINWNQAAVIGDERLLLQIPSTIRSIHQDKILALRQQTQFLWEAYFSSVEKIVLTTLEIIQDRIFKHISRNSLIWNKHPGGLFVLPQYSSYLGDFPYYYANLGLKPPSKFTAVIHAVTPLVSQSQPVLKLLVAAAKSQYCAQIIVLWNCDKPLPAKHRWPATAVPVIVIEGESKVMSSRFLPYDNIITDAVLSLDEDTVLSTTEVDFAFTVWQSFPERIVGYPARSHFWDNSKERWGYTSKWTNDYSMVLTGAAIYHKYYHYLYSHYLPASLKNMVDQLANCEDILMNFLVSAVTKLPPIKVTQKKQYKETMMGQTSRASRWADPDHFAQRQSCMNTFASWFGYMPLIHSQMRLDPVLFKDQVSILRKKYRDIERL
>EXT2_HUMAN,269,0,269,269
MCASVKYNIRGPALIPRMKTKHRIYYITLFSIVLLGLIATGMFQFWPHSIESSNDWNVEKRSIRDVPVVRLPADSPIPERGDLSCRMHTCFDVYRCGFNPKNKIKVYIYALKKYVDDFGVSVSNTISREYNELLMAISDSDYYTDDINRACLFVPSIDVLNQNTLRIKETAQAMAQLSRWDRGTNHLLFNMLPGGPPDYNTALDVPRDRALLAGGGFSTWTYRQGYDVSIPVYSPLSAEVDLPEKGPGPRQYFLLSSQVGLHPEYREDLEALQVKHGESVLVLDKCTNLSEGVLSVRKRCHKHQVFDYPQVLQEATFCVVLRGARLGQAVLSDVLQAGCVPVVIADSYILPFSEVLDWKRASVVVPEEKMSDVYSILQSIPQRQIEEMQRQARWFWEAYFQSIKAIALATLQIINDRIYPYAAISYEEWNDPPAVKWGSVSNPLFLPLIPPQSQGFTAIVLTYDRVESLFRVITEVSKVPSLSKLLVVWNNQNKNPPEDSLWPKIRVPLKVVRTAENKLSNRFFPYDEIETEAVLAIDDDIIMLTSDELQFGYEVWREFPDRLVGYPGRLHLWDHEMNKWKYESEWTNEVSMVLTGAAFYHKYFNYLYTYKMPGDIKNWVDAHMNCEDIAMNFLVANVTGKAVIKVTPRKKFKCPECTAIDGLSLDQTHMVERSECINKFASVFGTMPLKVVEHRADPVLYKDDFPEKLKSFPNIGSL
>EXT2_MOUSE,269,0,269,250
MCASVKSNIRGPALIPRMKTKHRIYYVTLFSIVLLGLIATGMFQFWPHSIESSSDGGVEKRSIREVPVVRLPTDSPIPERGDLSCRMHTCFDVYRCGFNPKNKIKVYIYPLKKYVDDAGVPVSSAISREYNELLTAISDSDYYTDDINRACLFVPSIDVLNQNPLRIKETAQALAQLSRWDRGTNHLLFNMLPGAPPDYNTALDVPRDRALLAGGGFSTWTYRQGYDVSIPVFSPLSAEMALPEKAPGPRRYFLLSSQMAIHPEYREELEALQAKHQESVLVLDKCTNLSEGVLSVRKRCHQHQVFDYPQVLQEATFCTVLRGARLGQAVLSDVLQAGCVPVVIADSYILPFSEVLDWKRASVVVPEEKMSDVYSILQNIPQRQIEEMQRQARWFWEAYFQSIKAIALATLQIINDRIYPYAAISYEEWNDPPAVKWASVSNPLFLPLIPPQSQGFTAIVLTYDRVESLFRVITEVSKVPSLSKLLVVWNNQNKNPPEESLWPKIRVPLKVVRTAENKLSNRFFPYDEIETEAVLAIDDDIIMLTSDELQFGYEVWREFPDRLVGYPGRLHLWDHEMNKWKYESEWTNEVSMVLTGAAFYHKYFNYLYTYKMPGDIKNWVDTHMNCEDIAMNFLVANVTGKAVIKVTPRKKFKCPECTAIDGLSLDQTHMVERSECINKFASVFGTMPLKVVEHRADPVLYKDDFPEKLKSFPNIGSL
>EXTL3_HUMAN,269,0,269,269
MTGYTMLRNGGAGNGGQTCMLRWSNRIRLTWLSFTLFVILVFFPLIAHYYLTTLDEADEAGKRIFGPRVGNELCEVKHVLDLCRIRESVSEELLQLEAKRQELNSEIAKLNLKIEACKKSIENAKQDLLQLKNVISQTEHSYKELMAQNQPKLSLPIRLLPEKDDAGLPPPKATRGCRLHNCFDYSRCPLTSGFPVYVYDSDQFVFGSYLDPLVKQAFQATARANVYVTENADIACLYVILVGEMQEPVVLRPAELEKQLYSLPHWRTDGHNHVIINLSRKSDTQNLLYNVSTGRAMVAQSTFYTVQYRPGFDLVVSPLVHAMSEPNFMEIPPQVPVKRKYLFTFQGEKIESLRSSLQEARSFEEEMEGDPPADYDDRIIATLKAVQDSKLDQVLVEFTCKNQPKPSLPTEWALCGEREDRLELLKLSTFALIITPGDPRLVISSGCATRLFEALEVGAVPVVLGEQVQLPYQDMLQWNEAALVVPKPRVTEVHFLLRSLSDSDLLAMRRQGRFLWETYFSTADSIFNTVLAMIRTRIQIPAAPIREEAAAEIPHRSGKAAGTDPNMADNGDLDLGPVETEPPYASPRYLRNFTLTVTDFYRSWNCAPGPFHLFPHTPFDPVLPSEAKFLGSGTGFRPIGGGAGGSGKEFQAALGGNVPREQFTVVMLTYEREEVLMNSLERLNGLPYLNKVVVVWNSPKLPSEDLLWPDIGVPIMVVRTEKNSLNNRFLPWNEIETEAILSIDDDAHLRHDEIMFGFRVWREARDRIVGFPGRYHAWDIPHQSWLYNSNYSCELSMVLTGAAFFHKYYAYLYSYVMPQAIRDMVDEYINCEDIAMNFLVSHITRKPPIKVTSRWTFRCPGCPQALSHDDSHFHERHKCINFFVKVYGYMPLLYTQFRVDSVLFKTRLPHDKTKCFKFI
>FKTN_HUMAN,305,0,269,0
MSRINKNVVLALLTLTSSAFLLFQLYYYKHYLSTKNGAGLSKSKGSRIGFDSTQWRAVKKFIMLTSNQNVPVFLIDPLILELINKNFEQVKNTSHGSTSQCKFFCVPRDFTAFALQYHLWKNEEGWFRIAENMGFQCLKIESKDPRLDGIDSLSGTEIPLHYICKLATHAIHLVVFHERSGNYLWHGHLRLKEHIDRKFVPFRKLQFGRYPGAFDRPELQQVTVDGLEVLIPKDPMHFVEEVPHSRFIECRYKEARAFFQQYLDDNTVEAVAFRKSAKELLQLAAKTLNKLGVPFWLSSGTCLGWYRQCNIIPYSKDVDLGIFIQDYKSDIILAFQDAGLPLKHKFGKVEDSLELSFQGKDDVKLDVFFFYEETDHMWNGGTQAKTGKKFKYLFPKFTLCWTEFVDMKVHVPCETLEYIEANYGKTWKIPVKTWDWKRSPPNVQPNGIWPISEWDEVIQLY
>FKTN_MOUSE,305,0,269,305
MSRINKNVVLALLTLTSSAFLLFQLYYYKHYLSARNGPGSSKSKGNRVGFDSTQWRAVKKFIMLTSSQNVPVFLIDPWILESINKNFEQVKNASQGPASECRFFCVPRDFTAFALQYHLWKNEDGWFRIAENMGFQCLKTESKDPRLDGIDSLSGTEIPLHYVCKLTTHAIHLVVFHERSGNYLWHGHLRLKGHMDRKFVPFRKLQFGRYPGAFDRPELQQVTVDGLDMLIPKDPGRFLEEVPHSRFIECRYKEARAFLQQYIDDNTVDAMVFRKRAKELLQLAAKTLKDLGVPFWLSSGTCLGWYRQCGIIPYSKDVDLGIFIQDYKPDIILAFQEAGLPLKHKFGKVEDSLELSFQGKNDVKLDIFFFYEEADHLWNGGTQARTGKKFKYLFPKFTLCWTEFVDIKVHVPCETVDYIEANYGKTWKIPIKTWDWKSSPPNVQPNGIWPISEWDEVIQLY
>FUT10_HUMAN,269,0,269,0
MVRIQRRKLLASCLCVTATVFLLVTLQVMVELGKFERKEFKSSSLQDGHTKMEEAPTHLNSFLKKEGLTFNRKRKWELDSYPIMLWWSPLTGETGRLGQCGADACFFTINRTYLHHHMTKAFLFYGTDFNIDSLPLPRKAHHDWAVFHEESPKNNYKLFHKPVITLFNYTATFSRHSHLPLTTQYLESIEVLKSLRYLVPLQSKNKLRKRLAPLVYVQSDCDPPSDRDSYVRELMTYIEVDSYGECLRNKDLPQQLKNPASMDADGFYRIIAQYKFILAFENAVCDDYITEKFWRPLKLGVVPVYYGSPSITDWLPSNKSAILVSEFSHPRELASYIRRLDSDDRLYEAYVEWKLKGEISNQRLLTALRERKWGVQDVNQDNYIDAFECMVCTKVWANIRLQEKGLPPKRWEAEDTHLSCPEPTVFAFSPLRTPPLSSLREMWISSFEQSKKEAQALRWLVDRNQNFSSQEFWGLVFKD
>FUT9_MOUSE,250,0,269,0
MTSTSKGILRPFLIVCIILGCFMACLLIYIKPTNSWVFSPMESASSVLKMKNFFSTKTDYFNETTILVWVWPFGQTFDLTSCQAMFNIQGCHLTTDRSLYNKSHAVLIHHRDISWDLTNLPQQARPPFQKWIWMNLESPTHTPQKSGIEHLFNLTLTYRRDSDIQVPYGFLTVSTNPFVFEVPSKEKLVCWVVSNWNPEHARVKYYNELSKSIEIHTYGQAFGEYVNDKNLIPTISTCKFYLSFENSIHKDYITEKLYNAFLAGSVPVVLGPSRENYENYIPADSFIHVEDFNSPSELAKYLKEVDKNNKLYLSYFNWRKDFTVNLPRFWESHACLACDHVKRHQEYKSVGNLEKWFWN
>GALT2_HUMAN,269,0,269,0
MRRRSRMLLCFAFLWVLGIAYYMYSGGGSALAGGAGGGAGRKEDWNEIDPIKKKDLHHSNGEEKAQSMETLPPGKVRWPDFNQEAYVGGTMVRSGQDPYARNKFNQVESDKLRMDRAIPDTRHDQCQRKQWRVDLPATSVVITFHNEARSALLRTVVSVLKKSPPHLIKEIILVDDYSNDPEDGALLGKIEKVRVLRNDRREGLMRSRVRGADAAQAKVLTFLDSHCECNEHWLEPLLERVAEDRTRVVSPIIDVINMDNFQYVGASADLKGGFDWNLVFKWDYMTPEQRRSRQGNPVAPIKTPMIAGGLFVMDKFYFEELGKYDMMMDVWGGENLEISFRVWQCGGSLEIIPCSRVGHVFRKQHPYTFPGGSGTVFARNTRRAAEVWMDEYKNFYYAAVPSARNVPYGNIQSRLELRKKLSCKPFKWYLENVYPELRVPDHQDIAFGALQQGTNCLDTLGHFADGVVGVYECHNAGGNQEWALTKEKSVKHMDLCLTVVDRAPGSLIKLQGCRENDSRQKWEQIEGNSKLRHVGSNLCLDSRTAKSGGLSVEVCGPALSQQWKFTLNLQQ
>GALT3_HUMAN,269,0,269,0
MAHLKRLVKLHIKRHYHKKFWKLGAVIFFFIIVLVLMQREVSVQYSKEESRMERNMKNKNKMLDLMLEAVNNIKDAMPKMQIGAPVRQNIDAGERPCLQGYYTAAELKPVLDRPPQDSNAPGASGKAFKTTNLSVEEQKEKERGEAKHCFNAFASDRISLHRDLGPDTRPPECIEQKFKRCPPLPTTSVIIVFHNEAWSTLLRTVHSVLYSSPAILLKEIILVDDASVDEYLHDKLDEYVKQFSIVKIVRQRERKGLITARLLGATVATAETLTFLDAHCECFYGWLEPLLARIAENYTAVVSPDIASIDLNTFEFNKPSPYGSNHNRGNFDWSLSFGWESLPDHEKQRRKDETYPIKTPTFAGGLFSISKEYFEYIGSYDEEMEIWGGENIEMSFRVWQCGGQLEIMPCSVVGHVFRSKSPHSFPKGTQVIARNQVRLAEVWMDEYKEIFYRRNTDAAKIVKQKAFGDLSKRFEIKHRLQCKNFTWYLNNIYPEVYVPDLNPVISGYIKSVGQPLCLDVGENNQGGKPLIMYTCHGLGGNQYFEYSAQHEIRHNIQKELCLHAAQGLVQLKACTYKGHKTVVTGEQIWEIQKDQLLYNPFLKMCLSANGEHPSLVSCNPSDPLQKWILSQND
>GCNT1_HUMAN,269,0,269,0
MLRTLLRRRLFSYPTKYYFMVLVLSLITFSVLRIHQKPEFVSVRHLELAGENPSSDINCTKVLQGDVNEIQKVKLEILTVKFKKRPRWTPDDYINMTSDCSSFIKRRKYIVEPLSKEEAEFPIAYSIVVHHKIEMLDRLLRAIYMPQNFYCIHVDTKSEDSYLAAVMGIASCFSNVFVASRLESVVYASWSRVQADLNCMKDLYAMSANWKYLINLCGMDFPIKTNLEIVRKLKLLMGENNLETERMPSHKEERWKKRYEVVNGKLTNTGTVKMLPPLETPLFSGSAYFVVSREYVGYVLQNEKIQKLMEWAQDTYSPDEYLWATIQRIPEVPGSLPASHKYDLSDMQAVARFVKWQYFEGDVSKGAPYPPCDGVHVRSVCIFGAGDLNWMLRKHHLFANKFDVDVDLFAIQCLDEHLRHKALETLKH
>GGTA1_RAT,269,0,269,0
MVTMPQDLHVKVSMSRSKSETSLLSSRSGSQEKIMNVKGKIILSVLMVSTVLVVFWEYVNRTHSYQEEDIERAREKGRNGDSIVEPQLWDWFNPKNRPEVLTVTPWKAPIVWEGTYDTALLEKYYARQKITVGLTVFAVGKYIEHYLEDFLESANKYFMVGHRVIFYVMMDDTSRMPAVHLSPLHSLQVFEIRSEKRWQDISMMRMKTIGEHILDHIQHEVDFLFCMDVDQVFQDNFGVETLGQLVAQLQAWWYKASPDEFTYERRELSAAYIPFGEGDFYYHAAVFGGTPVHILNLTRECFKGILQDKKHDIEAQWHDESHLNKYFLFNKPTKILSPEYCWDYHIGLPSDIKNVKIAWQTKEYNLVRSNV
>GLCE_MOUSE,269,0,269,0
MRCLAARVNYKTLIIICALFTLVTVLLWNKCSSDKAIQFPRHLSSGFRVDGLEKRSAASESNHYANHIAKQQSEEAFPQEQQKAPPVVGGFNSNGGSKVLGLKYEEIDCLINDEHTIKGRREGNEVFLPFTWVEKYFDVYGKVVQYDGYDRFEFSHSYSKVYAQRSPYHPDGVFMSFEGYNVEVRDRVKCISGVEGVPLSTQWGPQGYFYPIQIAQYGLSHYSKNLTEKPPHIEVYETAEDRDRNIRPNEWTVPKGCFMASVADKSRSTNVKQFIAPETSEGVSLQLGNTKDFIISFDLKLLTNGSVSVVLETTEKNQLFTVHYVSNTQLIAFRDRDIYYGIGPRTSWSTVTRDLVTDLRKGVGLSNTKAVKPTKIMPKKVVRLIAKGKGFLDNITISTTAHMAAFFAASDWLVRNQDEKGGWPIMVTRKLGEGFKSLEPGWYSAMAQGQAISTLVRAYLLTKDYVFLSSALRATAPYKFPSEQHGVKAVFMNKHDWYEEYPTTPSSFVLNGFMYSLIGLYDLKETAGETLGKEARSLYERGMESLKAMLPLYDTGSGTIYDLRHFMLGIAPNLARWDYHTTHINQLQLLSTIDESPIFKEFVKRWKSYLKGSRAKHN
>GLT11_HUMAN,269,0,269,0
MGSVTVRYFCYGCLFTSATWTVLLFVYFNFSEVTQPLKNVPVKGSGPHGPSPKKFYPRFTRGPSRVLEPQFKANKIDDVIDSRVEDPEEGHLKFSSELGMIFNERDQELRDLGYQKHAFNMLISDRLGYHRDVPDTRNAACKEKFYPPDLPAASVVICFYNEAFSALLRTVHSVIDRTPAHLLHEIILVDDDSDFDDLKGELDEYVQKYLPGKIKVIRNTKREGLIRGRMIGAAHATGEVLVFLDSHCEVNVMWLQPLLAAIREDRHTVVCPVIDIISADTLAYSSSPVVRGGFNWGLHFKWDLVPLSELGRAEGATAPIKSPTMAGGLFAMNRQYFHELGQYDSGMDIWGGENLEISFRIWMCGGKLFIIPCSRVGHIFRKRRPYGSPEGQDTMTHNSLRLAHVWLDEYKEQYFSLRPDLKTKSYGNISERVELRKKLGCKSFKWYLDNVYPEMQISGSHAKPQQPIFVNRGPKRPKVLQRGRLYHLQTNKCLVAQGRPSQKGGLVVLKACDYSDPNQIWIYNEEHELVLNSLLCLDMSETRSSDPPRLMKCHGSGGSQQWTFGKNNRLYQVSVGQCLRAVDPLGQKGSVAMAICDGSSSQQWHLEG
>GOLI4_RAT,269,0,269,0
MGNGMCSRKQKRIFQTLLLLTVVFGFLYGAMLYLELQTQLRKAEAVALKYQQHQDSLSAQLQVVYEHRSRLEKSLQKERLEHKKAKEDFLVYKLEAQETLNKGRQDSNSRYSALNVQHQMLKSQHEELRKQHSDLEEEHRKQGEDFSRAFNDHKQRYLQLQQEKEQELSKLKETVYNLREENRQLRKAHQDIHTQLQDVKTQVAEYKQLKDTLNRIPSFRNPDPAEQQNVTFTHGTHPPQGYNVREKLTGELQEGQQNHDAMPRRMEEKPLSSMQKEAGFQALEEQNQVEPREPEGRQVEEEHRKALEEEEMEQVGQAEHLEEEHDPSPEEQDREWRDQRRQNAAHLLDGRPQAEIEHSTKAATNFRSPYEEQLEQQRLAARRDEEAQRLREHQEALHQQRLHGQLLRQQQQQQYLAREMAQQKQADHEEGQQQYQLRQQAHSDAVENDVAQGAEDQGIPEEEGGAYDRDNQRQDEAEGDPGNRQEFHEPGHQEGDPEAEADRAAAQDINPADDPNNQGEDEFEEAEQVREENLPEESEERKQSEAKQGNVEMDEHLVMAGNPDQQEDNVDEQYQEEGEEEVQEDLTEEKKRELEHNAEETYGENPDDKNNDVEEQGVPNRAHPKGRQEHYEEEEDEEDGAAVAEKSHRRAEM
>GOLM1_HUMAN,269,0,269,0
MMGLGNGRRSMKSPPLVLAALVACIIVLGFNYWIASSRSVDLQTRIMELEGRVRRAAAERGAVELKKNEFQGELEKQREQLDKIQSSHNFQLESVNKLYQDEKAVLVNNITTGERLIRVLQDQLKTLQRNYGRLQQDVLQFQKNQTNLERKFSYDLSQCINQMKEVKEQCEERIEEVTKKGNEAVASRDLSENNDQRQQLQALSEPQPRLQAAGLPHTEVPQGKGNVLGNSKSQTPAPSSEVVLDSKRQVEKEETNEIQVVNEEPQRDRLPQEPGREQVVEDRPVGGRGFGGAGELGQTPQVQAALSVSQENPEMEGPERDQLVIPDGQEEEQEAAGEGRNQQKLRGEDDYNMDENEAESETDKQAALAGNDRNIDVFNVEDQKRDTINLLDQREKRNHTL
>HS2ST_MOUSE,269,0,269,0
MGLLRIMMPPKLQLLAVVAFAVAMLFLENQIQKLEESRAKLERAIARHEVREIEQRHTMDGPRQDATLDEEEDIIIIYNRVPKTASTSFTNIAYDLCAKNRYHVLHINTTKNNPVMSLQDQVRFVKNITTWNEMKPGFYHGHISYLDFAKFGVKKKPIYINVIRDPIERLVSYYYFLRFGDDYRPGLRRRKQGDKKTFDECVAEGGSDCAPEKLWLQIPFFCGHSSECWNVGSRWAMDQAKSNLINEYFLVGVTEELEDFIMLLEAALPRFFRGATDLYRTGKKSHLRKTTEKKLPTKQTIAKLQQSDIWKMENEFYEFALEQFQFIRAHAVREKDGDLYILAQNFFYEKIYPKSN
>IMPA3_HUMAN,269,0,269,0
MAPMGIRLSPLGVAVFCLLGLGVLYHLYSGFLAGRFSLFGLGGEPGGGAAGPAAAADGGTVDLREMLAVSVLAAVRGGDEVRRVRESNVLHEKSKGKTREGAEDKMTSGDVLSNRKMFYLLKTAFPSVQINTEEHVDAADQEVILWDHKIPEDILKEVTTPKEVPAESVTVWIDPLDATQEYTEDLRKYVTTMVCVAVNGKPMLGVIHKPFSEYTAWAMVDGGSNVKARSSYNEKTPRIVVSRSHSGMVKQVALQTFGNQTTIIPAGGAGYKVLALLDVPDKSQEKADLYIHVTYIKKWDICAGNAILKALGGHMTTLSGEEISYTGSDGIEGGLLASIRMNHQALVRKLPDLEKTGHK
>IMPA3_MOUSE,250,0,269,0
MAPMGIRLSPLGVAVFFLLGLGVLYHLYSGFLAGRFSLFGLGSEPAAGEAEVASDGGTVDLREMLAVAVLAAERGGDEVRRVRESNVLHEKSKGKTREGADDKMTSGDVLSNRKMFYLLKTAFPNVQINTEEHVDASDKEVIVWNRKIPEDILKEIAAPKEVPAESVTVWIDPLDATQEYTEDLRKYVTTMVCVAVNGKPVLGVIHKPFSEYTAWAMVDGGSNVKARSSYNEKTPKIIVSRSHAGMVKQVALQTFGNQTSIIPAGGAGYKVLALLDVPDMTQEKADLYIHVTYIKKWDICAGNAILKALGGHMTTLNGEEISYTGSDGIEGGLLASIRMNHQALVRKLPDLEKSGH
>LARG1_HUMAN,269,0,269,0
MLGICRGRRKFLAASLSLLCIPAITWIYLFSGSFEDGKPVSLSPLESQAHSPRYTASSQRERESLEVRMREVEEENRALRRQLSLAQGRAPSHRRGNHSKTYSMEEGTGDSENLRAGIVAGNSSECGQQPVVEKCETIHVAIVCAGYNASRDVVTLVKSVLFHRRNPLHFHLIADSIAEQILATLFQTWMVPAVRVDFYNADELKSEVSWIPNKHYSGIYGLMKLVLTKTLPANLERVIVLDTDITFATDIAELWAVFHKFKGQQVLGLVENQSDWYLGNLWKNHRPWPALGRGYNTGVILLLLDKLRKMKWEQMWRLTAERELMGMLSTSLADQDIFNAVIKQNPFLVYQLPCFWNVQLSDHTRSEQCYRDVSDLKVIHWNSPKKLRVKNKHVEFFRNLYLTFLEYDGNLLRRELFGCPSEADVNSENLQKQLSELDEDDLCYEFRRERFTVHRTHLYFLHYEYEPAADSTDVTLVAQLSMDRLQMLEAICKHWEGPISLALYLSDAEAQQFLRYAQGSEVLMSRHNVGYHIVYKEGQFYPVNLLRNVAMKHISTPYMFLSDIDFLPMYGLYEYLRKSVIQLDLANTKKAMIVPAFETLRYRLSFPKSKAELLSMLDMGTLFTFRYHVWTKGHAPTNFAKWRTATTPYRVEWEADFEPYVVVRRDCPEYDRRFVGFGWNKVAHIMELDVQEYEFIVLPNAYMIHMPHAPSFDITKFRSNKQYRICLKTLKEEFQQDMSRRYGFAALKYLTAENNS
>LARG2_HUMAN,305,0,269,0
MLPRGRPRALGAAALLLLLLLLGFLLFGGDLGCERREPGGRAGAPGCFPGPLMPRVPPDGRLRRAAALDGDPGAGPGDHNRSDCGPQPPPPPKCELLHVAIVCAGHNSSRDVITLVKSMLFYRKNPLHLHLVTDAVARNILETLFHTWMVPAVRVSFYHADQLKPQVSWIPNKHYSGLYGLMKLVLPSALPAELARVIVLDTDVTFASDISELWALFAHFSDTQAIGLVENQSDWYLGNLWKNHRPWPALGRGFNTGVILLRLDRLRQAGWEQMWRLTARRELLSLPATSLADQDIFNAVIKEHPGLVQRLPCVWNVQLSDHTLAERCYSEASDLKVIHWNSPKKLRVKNKHVEFFRNFYLTFLEYDGNLLRRELFVCPSQPPPGAEQLQQALAQLDEEDPCFEFRQQQLTVHRVHVTFLPHEPPPPRPHDVTLVAQLSMDRLQMLEALCRHWPGPMSLALYLTDAEAQQFLHFVEASPVLAARQDVAYHVVYREGPLYPVNQLRNVALAQALTPYVFLSDIDFLPAYSLYDYLRASIEQLGLGSRRKAALVVPAFETLRYRFSFPHSKVELLALLDAGTLYTFRYHEWPRGHAPTDYARWREAQAPYRVQWAANYEPYVVVPRDCPRYDPRFVGFGWNKVAHIVELDAQEYELLVLPEAFTIHLPHAPSLDISRFRSSPTYRDCLQALKDEFHQDLSRHHGAAALKYLPALQQPQSPARG
>LARG2_MOUSE,305,0,269,0
MLPRGRPRAMGAAVLLLLLLLVVGFFLFGRDPDYGLGTTATLDEDPYRSRNLSASSPQLLLPPKCEMLHVAIVCAGYNSSREIITLTKSLLFYRKNPLHLHLITDAVARNILETLFRTWMVPAVVVSFYDAEELKPLVSWIPNKHYSGLYGLMKLVLPSILPPSLARVIVLDTDVTFSSDIVELWALFDHFSDKQVVGLVENQSDWYLGNLWKNHRPWPALGRGFNTGVILLWLDRLQQTGWEQMWKVTAKRELLTLMATSLADQDIFNAVIKEHPHLVHPLPCVWNVQLSDHTRAERCYLEAADLKVIHWNSPKKLRVKNKHAEFFRNLHLTFLGYDGKLLRRELFGCPNQFPPGAEQLQQALTQLDEEEPCFEFRQQQLTVHRVHITFLPHQPPPPQPHDVTLVAQLSMDRLQMLEALCRHWPGPMSLALYLTDEEAQQFLHFVETSPVLSMRKDVAYHVVYRDGPLYPVNQLRNVALAQALTPYVFLSDIDFLPAYSLYDYLRASIEQLELDSRRKTALVVPAFETLHYRFSFPNSKAELLTLLDAGSLHTFRYHEWPQGHSSTDYSRWREAQAPYSVQWSADYEPYVVVPRDCPRYDPRFVGFGWNKVAHIIELDAQEYEFLVLPEAFSIHLPHAPSLDISRFRSSPTYRNCLQALKEEFHQDLSRRYGSAALKYLTALQQARSRA
>MANEA_HUMAN,269,0,269,0
MAKFRRRTCIILALFILFIFSLMMGLKMLRPNTATFGAPFGLDLLPELHQRTIHLGKNFDFQKSDRINSETNTKNLKSVEITMKPSKASELNLDELPPLNNYLHVFYYSWYGNPQFDGKYIHWNHPVLEHWDPRIAKNYPQGRHNPPDDIGSSFYPELGSYSSRDPSVIETHMRQMRSASIGVLALSWYPPDVNDENGEPTDNLVPTILDKAHKYNLKVTFHIEPYSNRDDQNMYKNVKYIIDKYGNHPAFYRYKTKTGNALPMFYVYDSYITKPEKWANLLTTSGSRSIRNSPYDGLFIALLVEEKHKYDILQSGFDGIYTYFATNGFTYGSSHQNWASLKLFCDKYNLIFIPSVGPGYIDTSIRPWNTQNTRNRINGKYYEIGLSAALQTRPSLISITSFNEWHEGTQIEKAVPKRTSNTVYLDYRPHKPGLYLELTRKWSEKYSKERATYALDRQLPVS
>MANEA_RAT,269,0,269,0
MAKFRRRTCIILSLFIVFIFSLMMGLKMLWPNAASFGPPFGLDLLPELRPPNTHLENKADFQRSDRIDMETNTKDLKGAGVTVHPPRASEVNLEELPPLNYFVHAFYYSWYGNPQFDGKYVHWNHPVLEHWDPRIAKNYPQGRHSPPDDIGSSFYPELGSYSSRDPSVIETHMKQMRSASIGVLALSWYPPDASDENGEATDYLVPTILDKAHKYNLKVTFHIEPYSNRDDQNMHQNVKYIIDKYGNHPAFYRYKTRMGHSLPMFYIYDSYITKPKTWANLLTPSGSQSVRGSPYDGLFIALLVEEKHKYDILQSGFDGIYTYFATNGFTYGSSHQNWNKLKSFCEKNNMIFIPSVGPGYIDTSIRPWNTQNTRNRINGKYYEVGLSAALQTQPSLISITSFNEWHEGTQIEKAVPKRTANTVYLDYRPHKPSLYLEITRKWSEKYSKERMTYALDQQLPAS
>MGAT1_HUMAN,305,0,269,0
MLKKQSAGLVLWGAILFVAWNALLLLFFWTRPAPGRPPSVSALDGDPASLTREVIRLAQDAEVELERQRGLLQQIGDALSSQRGRVPTAAPPAQPRVPVTPAPAVIPILVIACDRSTVRRCLDKLLHYRPSAELFPIIVSQDCGHEETAQAIASYGSAVTHIRQPDLSSIAVPPDHRKFQGYYKIARHYRWALGQVFRQFRFPAAVVVEDDLEVAPDFFEYFRATYPLLKADPSLWCVSAWNDNGKEQMVDASRPELLYRTDFFPGLGWLLLAELWAELEPKWPKAFWDDWMRRPEQRQGRACIRPEISRTMTFGRKGVSHGQFFDQHLKFIKLNQQFVHFTQLDLSYLQREAYDRDFLARVYGAPQLQVEKVRTNDRKELGEVRVQYTGRDSFKAFAKALGVMDDLKSGVPRAGYRGIVTFQFRGRRVHLAPPLTWEGYDPSWN
>MGAT2_HUMAN,305,0,269,0
MRFRIYKRKVLILTLVVAACGFVLWSSNGRQRKNEALAPPLLDAEPARGAGGRGGDHPSVAVGIRRVSNVSAASLVPAVPQPEADNLTLRYRSLVYQLNFDQTLRNVDKAGTWAPRELVLVVQVHNRPEYLRLLLDSLRKAQGIDNVLVIFSHDFWSTEINQLIAGVNFCPVLQVFFPFSIQLYPNEFPGSDPRDCPRDLPKNAALKLGCINAEYPDSFGHYREAKFSQTKHHWWWKLHFVWERVKILRDYAGLILFLEEDHYLAPDFYHVFKKMWKLKQQECPECDVLSLGTYSASRSFYGMADKVDVKTWKSTEHNMGLALTRNAYQKLIECTDTFCTYDDYNWDWTLQYLTVSCLPKFWKVLVPQIPRIFHAGDCGMHHKKTCRPSTQSAQIESLLNNNKQYMFPETLTISEKFTVVAISPPRKNGGWGDIRDHELCKSYRRLQ
>MGT4D_RAT,305,0,269,305
MKTKNVNLLFALVAVLLFGFSCFCISRMNQTNNQLINCRNHVLEFKETMLRLKNKSENNHQNLVKVLHQLKHKVAPAKPSGSILEKKVNMLDQDETVFNQFEVLKFFLPHLRTAGNIYPDIAIGRQRAGVSFALGITTIDRGNHTYLKQTLTSVLSRMTPEEEEDSVVIVSVADTDENYLKSVVHMVKTRFRKQVQSGALEVISIPALFYPQTLLEKKTTKNAKNWQIKQVLDFCILMLYAQPKATYYLQLEDDIVAKKMYFTKMKDFVNSVTSKDWFYIEFSVLGFIGKLFRSKDLMDFVHFFLIFYRAKPIDVLLDDIALLRMCSFGGPLRSCLQLKREVRVQYKPSLFQHVGTHSSFPGREQHLKDHYY
>MGT5A_CRIGR,250,0,269,0
MAFFTPWKLSSQKLGFFLVTFGFIWGMMLLHFTIQQRTQPESSSMLREQILDLSKRYIKALAEENRNVVDGPYAGVMTAYDLKKTLAVLLDNILQRIGKLESKVDNLVNGTGANSTNSTTAVPSLVSLEKISVADIINGVQEKCVLPPMDGYPHCEGKIKWMKDMWRSDPCYADYGVDGTSCSFFIYLSEVENWCPRLPWRAKNPYEEADHNSLAEIRTDFNILYSMMKKHEEFRWMRLRIRRMADAWIQAIKSLAEKQNLEKRKRKKILVHLGLLTKESGFKIAETAFSGGPLGELVQWSDLITSLYLLGHDIRISASLAELKEIMKKVVGNRSGCPTVGDRIVELIYIDIVGLAQFKKTLGPSWVHYQCMLRVLDSFGTEPEFNHASYAQSKGHKTPWGKWNLNPQQFYTMFPHTPDNSFLGFVVEQHLNSSDIHHINEIKRQNQSLVYGKVDSFWKNKKIYLDIIHTYMEVHATVYGSSTKNIPSYVKNHGILSGRDLQFLLRETKLFVGLGFPYEGPAPLEAIANGCAFLNPKFSPPKSSKNTDFFIGKPTLRELTSQHPYAEVFIGRPHVWTVDLNNREEVEDAVKAILNQKIEPYMPYEFTCEGMLQRINAFIEKQDFCHGQVMWPPLSALQVKLAEPGQSCKQVCQENQLICEPSFFQHLNKEKDLLKYRVTCQSSELYKDILVPSFYPKSKHCVLQGDLLLFSCAGAHPTHQRICPCRDFIKGQVALCKDCL
>MGT5B_MOUSE,269,0,269,0
MITVNPDGKIMVRRCLVTLRPFRLFVLGIGFFTLCFLMTSLGGQFSARRLGDSPFTIRTEVPGSPESRGALRKMSDLLELMVKRMDMLARLENSSELHRTASVAHLAADRLTPGASLIERIQAIAQNVSDIAVKVDQILRHSLILHSKVSEGRRDQCEAPSDPKFPDCSGKVEWMRARWTSDPCYAFFGVDGTECSFLIYLSEVEWFCPPLPWRNQTAARTAPKSLPRVQAVFRSNLSHLLELMGSGKESLIFMKKRTRRFTAQWTKAAKYLAQKLGDIRRDQKQILVHIGFLTEESGDVFSPRVLKGGPLGEMVQWADILAALYVLGHSLRITVSLKELQSNLGVPPGRGNCPLTVPLPFDLIYTDYHGLQQMKQHMGLSFKKYRCRIRVIDTFGTEPAYNHEEYATLHGYRTNWGYWNLNPKQFMTMFPHTPDNSFMGFVSEELNETEKQLIKDGKASNMAVVYGKEASIWKLQGKEKFLAVLNKYMEIHGTVYYESQRPPEVPAFVKNHGLLPQPEFQQLLRKAKLFIGFGFPYEGPAPLEAIANGCIFLQSRFSPPHSSLNHEFFRGKPTSREVFSQHPYAENFIGKPHVWTVDYNNSDEFETAIKAIMNTQVDPYLPYEYTCAGMLERINAYIQHQDFCVGPSPLPPGASTAQSPFVLAPNATHLEWAQNISSVPGAWPPTHSLRAWLAAPGRACTDACLDHGLICEPSFFPFLNSQNSFLKLQVPCDSTEWEMHHLYPAFAQPGQECYLQKEPLLFSCAGASTKYQRLCPCRDFRKGQVALCQGCL
>NDST1_HUMAN,269,0,269,0
MPALACLRRLCRHVSPQAVLFLLFIFCLFSVFISAYYLYGWKRGLEPSADAPEPDCGDPPPVAPSRLLPLKPVQAATPSRTDPLVLVFVESLYSQLGQEVVAILESSRFKYRTEIAPGKGDMPTLTDKGRGRFALIIYENILKYVNLDAWNRELLDKYCVAYGVGIIGFFKANENSLLSAQLKGFPLFLHSNLGLKDCSINPKSPLLYVTRPSEVEKGVLPGEDWTVFQSNHSTYEPVLLAKTRSSESIPHLGADAGLHAALHATVVQDLGLHDGIQRVLFGNNLNFWLHKLVFVDAVAFLTGKRLSLPLDRYILVDIDDIFVGKEGTRMKVEDVKALFDTQNELRAHIPNFTFNLGYSGKFFHTGTNAEDAGDDLLLSYVKEFWWFPHMWSHMQPHLFHNQSVLAEQMALNKKFAVEHGIPTDMGYAVAPHHSGVYPVHVQLYEAWKQVWSIRVTSTEEYPHLKPARYRRGFIHNGIMVLPRQTCGLFTHTIFYNEYPGGSSELDKIINGGELFLTVLLNPISIFMTHLSNYGNDRLGLYTFKHLVRFLHSWTNLRLQTLPPVQLAQKYFQIFSEEKDPLWQDPCEDKRHKDIWSKEKTCDRFPKLLIIGPQKTGTTALYLFLGMHPDLSSNYPSSETFEEIQFFNGHNYHKGIDWYMEFFPIPSNTTSDFYFEKSANYFDSEVAPRRAAALLPKAKVLTILINPADRAYSWYQHQRAHDDPVALKYTFHEVITAGSDASSKLRALQNRCLVPGWYATHIERWLSAYHANQILVLDGKLLRTEPAKVMDMVQKFLGVTNTIDYHKTLAFDPKKGFWCQLLEGGKTKCLGKSKGRKYPEMDLDSRAFLKDYYRDHNIELSKLLYKMGQTLPTWLREDLQNTR
>NDST1_RAT,269,0,269,0
MPALACLRRLCRHLSPQAVLFLLFVFCLFSVFVSAYYLYGWNRGLEPSADASESDCGDPPPVAPSRLLPIKPVQAVAPSRTDPLVLVFVESLYSQLGQEVVAILESSRFKYRTEIAPGKGDMPTLTDKGRGRFALIIYENILKYVNLDAWNRELLDKYCVAYGVGIIGFFKANENSLLSAQLKGFPLFLHSNLGLKDCSINPKSPLLYVTRPSEVEKGVLPGEDWTVFQSNHSTYEPVLLAKTRSSESIPHLGADAGLHAALHATVVQDLGLHDGIQRVLFGNNLNFWLHKLVFVDAVAFLTGKRLSLPLDRYILVDIDDIFVGKEGTRMKVEDVKALFDTQNELRTHIPNFTFNLGYSGKFFHTGTDAEDAGDDLLLSYVKEFWWFPHMWSHMQPHLFHNQSVLAEQMALNKKFAVEHGIPTDMGYAVAPHHSGVYPVHVQLYEAWKQVWNIRVTSTEEYPHLKPARYRRGFIHNGIMVLPRQTCGLFTHTIFYNEYPGGSSELDKIINGGELFLTVLLNPISVFMTHLSNYGNDRLGLYTFKHLVRFLHSWTNLRLQTLPPVQLAQKYFQIFSEEKDPLWQDPCEDKRHKDIWSKEKTCDRFPKLLIIGPQKTGTTALYLFLGMHPDLSSNYPSSETFEEIQFFNGHNYHKGIDWYMEFFPIPSNTTSDFYFEKSANYFDSEVAPRRAAALLPKAKVLTILINPADRAYSWYQHQRAHDDPVALKYTFHEVITAGPDASSKLRALQNRCLVPGWYATHIERWLSAFHANQILVLDGKLLRTEPAKVMDTVQKFLGVTSTVDYHKTLAFDPKKGFWCQLLEGGKTKCLGKSKGRKYPEMDLDSRAFLKDYYRDHNIELSKLLYKMGQTLPTWLREDLQNTR
>NSG1_RAT,269,0,269,250
MVKLGNNFAEKGTKQPLLEDGFDTIPLMTPLDVNQLQFPPPDKVVVKTKTEYEPDRKKGKARPPKIAEFTVSITEGVTERFKVSVLVLFALAFLTCVVFLVVYKVYKYDRACPDGFVLKNTQCIPEGLESYYTEQDSSAREKFYTVINHYNLAKQSITRSVSPWMSVLSEEKLSEQETEAAEKSA
>NSG2_MOUSE,250,0,269,0
MVKLNSNPGEKGAKPPSVEDGFQTVPLITPLEVNHLQLAAPEKVIVKTRTEYQPEQRNKGKFRVPKIAEFTVTILVSLALAFLACIVFLVVYKAFTYDHSCPEGFVYKHKRCIPASLDAYYSSQDPSSRSRFYTVISHYSVAKQSTARAIGPWLSAAAVIHEPKPPKTQGH
>PLD3_HUMAN,269,0,269,269
MKPKLMYQELKVPAEEPANELPMNEIEAWKAAEKKARWVLLVLILAVVGFGALMTQLFLWEYGDLHLFGPNQRPAPCYDPCEAVLVESIPEGLDFPNASTGNPSTSQAWLGLLAGAHSSLDIASFYWTLTNNDTHTQEPSAQQGEEVLRQLQTLAPKGVNVRIAVSKPSGPQPQADLQALLQSGAQVRMVDMQKLTHGVLHTKFWVVDQTHFYLGSANMDWRSLTQVKELGVVMYNCSCLARDLTKIFEAYWFLGQAGSSIPSTWPRFYDTRYNQETPMEICLNGTPALAYLASAPPPLCPSGRTPDLKALLNVVDNARSFIYVAVMNYLPTLEFSHPHRFWPAIDDGLRRATYERGVKVRLLISCWGHSEPSMRAFLLSLAALRDNHTHSDIQVKLFVVPADEAQARIPYARVNHNKYMVTERATYIGTSNWSGNYFTETAGTSLLVTQNGRGGLRSQLEAIFLRDWDSPYSHDLDTSADSVGNACRLL
>PLD4_MOUSE,305,0,269,269
MDKKKEHPEMRIPLQTAVEVSDWPCSTSHDPHSGLGMVLGMLAVLGLSSVTLILFLWQGATSFTSHRMFPEEVPSWSWETLKGDAEQQNNSCQLILVESIPEDLPFAAGSPTAQPLAQAWLQLLDTARESVHIASYYWSLTGLDIGVNDSSSRQGEALLQKFQQLLLRNISVVVATHSPTLAKTSTDLQVLAAHGAQIRQVPMKQLTGGVLHSKFWVVDGRHIYVGSANMDWRSLTQVKELGAIIYNCSNLAQDLEKTFQTYWVLGTPQAVLPKTWPRNFSSHINRFHPLRGPFDGVPTTAYFSASPPSLCPHGRTRDLDAVLGVMEGARQFIYVSVMEYFPTTRFTHHARYWPVLDNALRAAALNKGVHVRLLVSCWFNTDPTMFAYLRSLQAFSNPSAGISVDVKVFIVPVGNHSNIPFSRVNHSKFMVTDKTAYVGTSNWSEDYFSHTAGVGLIVSQKTPRAQPGATTVQEQLRQLFERDWSSHYAMDLDRQVPSQDCVW
>PMGT1_HUMAN,305,0,269,0
MDDWKPSPLIKPFGARKKRSWYLTWKYKLTNQRALRRFCQTGAVLFLLVTVIVNIKLILDTRRAISEANEDPEPEQDYDEALGRLEPPRRRGSGPRRVLDVEVYSSRSKVYVAVDGTTVLEDEAREQGRGIHVIVLNQATGHVMAKRVFDTYSPHEDEAMVLFLNMVAPGRVLICTVKDEGSFHLKDTAKALLRSLGSQAGPALGWRDTWAFVGRKGGPVFGEKHSKSPALSSWGDPVLLKTDVPLSSAEEAECHWADTELNRRRRRFCSKVEGYGSVCSCKDPTPIEFSPDPLPDNKVLNVPVAVIAGNRPNYLYRMLRSLLSAQGVSPQMITVFIDGYYEEPMDVVALFGLRGIQHTPISIKNARVSQHYKASLTATFNLFPEAKFAVVLEEDLDIAVDFFSFLSQSIHLLEEDDSLYCISAWNDQGYEHTAEDPALLYRVETMPGLGWVLRRSLYKEELEPKWPTPEKLWDWDMWMRMPEQRRGRECIIPDVSRSYHFGIVGLNMNGYFHEAYFKKHKFNTVPGVQLRNVDSLKKEAYEVEVHRLLSEAEVLDHSKNPCEDSFLPDTEGHTYVAFIRMEKDDDFTTWTQLAKCLHIWDLDVRGNHRGLWRLFRKKNHFLMVGVPASPYSVKKPPSVTPIFLEPPPKEEGAPGAPEQT
>RXLT1_HUMAN,305,0,269,0
MRLTRKRLCSFLIALYCLFSLYAAYHVFFGRRRQAPAGSPRGLRKGAAPARERRGREQSTLESEEWNPWEGDEKNEQQHRFKTSLQILDKSTKGKTDLSVQIWGKAAIGLYLWEHIFEGLLDPSDVTAQWREGKSIVGRTQYSFITGPAVIPGYFSVDVNNVVLILNGREKAKIFYATQWLLYAQNLVQIQKLQHLAVVLLGNEHCDNEWINPFLKRNGGFVELLFIIYDSPWINDVDVFQWPLGVATYRNFPVVEASWSMLHDERPYLCNFLGTIYENSSRQALMNILKKDGNDKLCWVSAREHWQPQETNESLKNYQDALLQSDLTLCPVGVNTECYRIYEACSYGSIPVVEDVMTAGNCGNTSVHHGAPLQLLKSMGAPFIFIKNWKELPAVLEKEKTIILQEKIERRKMLLQWYQHFKTELKMKFTNILESSFLMNNKS
>SCAR3_HUMAN,269,0,269,269
MKVRSAGGDGDALCVTEEDLAGDDEDMPTFPCTQKGRPGPRCSRCQKNLSLHTSVRILYLFLALLLVAVAVLASLVFRKVDSLSEDISLTQSIYDKKLVLMQKNLQGLDPKALNNCSFCHEAGQLGPEIRKLQEELEGIQKLLLAQEVQLDQTLQAQEVLSTTSRQISQEMGSCSFSIHQVNQSLGLFLAQVRGWQATTAGLDLSLKDLTQECYDVKAAVHQINFTVGQTSEWIHGIQRKTDEETLTLQKIVTDWQNYTRLFSGLRTTSTKTGEAVKNIQATLGASSQRISQNSESMHDLVLQVMGLQLQLDNISSFLDDHEENMHDLQYHTHYAQNRTVERFESLEGRMASHEIEIGTIFTNINATDNHVHSMLKYLDDVRLSCTLGFHTHAEELYYLNKSVSIMLGTTDLLRERFSLLSARLDLNVRNLSMIVEEMKAVDTQHGEILRNVTILRGAPGPPGPRGFKGDMGVKGPVGGRGPKGDPGSLGPLGPQGPQGQPGEAGPVGERGPVGPRGFPGLKGSKGSFGTGGPRGQPGPKGDIGPPGPEGPPGSPGPSGPQGKPGIAGKTGSPGQRGAMGPKGEPGIQGPPGLPGPPGPPGSQSFY
>SIAT1_HUMAN,305,0,269,0
MIHTNLKKKFSCCVLVFLLFAVICVWKEKKKGSYYDSFKLQTKEFQVLKSLGKLAMGSDSQSVSSSSTQDPHRGRQTLGSLRGLAKAKPEASFQVWNKDSSSKNLIPRLQKIWKNYLSMNKYKVSYKGPGPGIKFSAEALRCHLRDHVNVSMVEVTDFPFNTSEWEGYLPKESIRTKAGPWGRCAVVSSAGSLKSSQLGREIDDHDAVLRFNGAPTANFQQDVGTKTTIRLMNSQLVTTEKRFLKDSLYNEGILIVWDPSVYHSDIPKWYQNPDYNFFNNYKTYRKLHPNQPFYILKPQMPWELWDILQEISPEEIQPNPPSSGMLGIIIMMTLCDQVDIYEFLPSKRKTDVCYYYQKFFDSACTMGAYHPLLYEKNLVKHLNQGTDEDIYLLGKATLPGFRTIHC
>SIAT1_RAT,305,0,269,0
MIHTNLKKKFSLFILVFLLFAVICVWKKGSDYEALTLQAKEFQMPKSQEKVAMGSASQVVFSNSKQDPKEDIPILSYHRVTAKVKPQPSFQVWDKDSTYSKLNPRLLKIWRNYLNMNKYKVSYKGPGPGVKFSVEALRCHLRDHVNVSMIEATDFPFNTTEWEGYLPKENFRTKVGPWQRCAVVSSAGSLKNSQLGREIDNHDAVLRFNGAPTDNFQQDVGSKTTIRLMNSQLVTTEKRFLKDSLYTEGILIVWDPSVYHADIPKWYQKPDYNFFETYKSYRRLNPSQPFYILKPQMPWELWDIIQEISADLIQPNPPSSGMLGIIIMMTLCDQVDIYEFLPSKRKTDVCYYHQKFFDSACTMGAYHPLLFEKNMVKHLNEGTDEDIYLFGKATLSGFRNIRC
>TPST1_HUMAN,269,0,269,0
MVGKLKQNLLLACLVISSVTVFYLGQHAMECHHRIEERSQPVKLESTRTTVRTGLDLKANKTFAYHKDMPLIFIGGVPRSGTTLMRAMLDAHPDIRCGEETRVIPRILALKQMWSRSSKEKIRLDEAGVTDEVLDSAMQAFLLEIIVKHGEPAPYLCNKDPFALKSLTYLSRLFPNAKFLLMVRDGRASVHSMISRKVTIAGFDLNSYRDCLTKWNRAIETMYNQCMEVGYKKCMLVHYEQLVLHPERWMRTLLKFLQIPWNHSVLHHEEMIGKAGGVSLSKVERSTDQVIKPVNVGALSKWVGKIPPDVLQDMAVIAPMLAKLGYDPYANPPNYGKPDPKIIENTRRVYKGEFQLPDFLKEKPQTEQVE
>TPST2_HUMAN,269,0,269,0
MRLSVRRVLLAAGCALVLVLAVQLGQQVLECRAVLAGLRSPRGAMRPEQEELVMVGTNHVEYRYGKAMPLIFVGGVPRSGTTLMRAMLDAHPEVRCGEETRIIPRVLAMRQAWSKSGREKLRLDEAGVTDEVLDAAMQAFILEVIAKHGEPARVLCNKDPFTLKSSVYLSRLFPNSKFLLMVRDGRASVHSMITRKVTIAGFDLSSYRDCLTKWNKAIEVMYAQCMEVGKEKCLPVYYEQLVLHPRRSLKLILDFLGIAWSDAVLHHEDLIGKPGGVSLSKIERSTDQVIKPVNLEALSKWTGHIPGDVVRDMAQIAPMLAQLGYDPYANPPNYGNPDPFVINNTQRVLKGDYKTPANLKGYFQVNQNSTSSHLGSS
>UXS1_RAT,269,0,269,0
MVSKGLLRLVSSVNRRKMKLLLGIALFAYAASVWGNFVNMRSIQENGELKIESKIEEIIEPLREKIRDLEKSFTQKYPPVKFLSEKDRKRILITGGAGFVGSHLTDKLMMDGHEVTVVDNFFTGRKRNVEHWIGHENFELINHDVVEPLYIEVDQIYHLASPASPPNYMYNPIKTLKTNTIGTLNMLGLAKRVGARLLLASTSEVYGDPEVHPQSEDYWGHVNPIGPRACYDEGKRVAETMCYAYMKQEGVEVRVARIFNTFGPRMHMNDGRVVSNFILQALQGEPLTVYGSGSQTRAFQYVSDLVNGLVALMNSNVSSPVNLGNPEEHTILEFAQLIKNLVGSGSEIQFLSEAQDDPQKRKPDIKKAKLMLGWEPVVPLEEGLNKAIHYFRKELEYQANNQYIPKPKPARVKKGRTRHS
>XYLK_HUMAN,269,0,269,0
MKLKQRVVLLAILLVIFIFTKVFLIDNLDTSAANREDQRAFHRMMTGLRVELAPKLDHTLQSPWEIAAQWVVPREVYPEETPELGAVMHAMATKKIIKADVGYKGTQLKALLILEGGQKVVFKPKRYSRDHVVEGEPYAGYDRHNAEVAAFHLDRILGFHRAPLVVGRFVNLRTEIKPVATEQLLSTFLTVGNNTCFYGKCYYCRETEPACADGDIMEGSVTLWLPDVWPLQKHRHPWGRTYREGKLARWEYDESYCDAVKKTSPYDSGPRLLDIIDTAVFDYLIGNADRHHYESFQDDEGASMLILLDNAKSFGNPSLDERSILAPLYQCCIIRVSTWNRLNYLKNGVLKSALKSAMAHDPISPVLSDPHLDAVDQRLLSVLATVKQCTDQFGMDTVLVEDRMPLSHL
>XYLT1_HUMAN,305,0,269,0
MVAAPCARRLARRSHSALLAALTVLLLQTLVVWNFSSLDSGAGERRGGAAVGGGEQPPPAPAPRRERRDLPAEPAAARGGGGGGGGGGGGRGPQARARGGGPGEPRGQQPASRGALPARALDPHPSPLITLETQDGYFSHRPKEKVRTDSNNENSVPKDFENVDNSNFAPRTQKQKHQPELAKKPPSRQKELLKRKLEQQEKGKGHTFPGKGPGEVLPPGDRAAANSSHGKDVSRPPHARKTGGSSPETKYDQPPKCDISGKEAISALSRAKSKHCRQEIGETYCRHKLGLLMPEKVTRFCPLEGKANKNVQWDEDSVEYMPANPVRIAFVLVVHGRASRQLQRMFKAIYHKDHFYYIHVDKRSNYLHRQVLQVSRQYSNVRVTPWRMATIWGGASLLSTYLQSMRDLLEMTDWPWDFFINLSAADYPIRTNDQLVAFLSRYRDMNFLKSHGRDNARFIRKQGLDRLFLECDAHMWRLGDRRIPEGIAVDGGSDWFLLNRRFVEYVTFSTDDLVTKMKQFYSYTLLPAESFFHTVLENSPHCDTMVDNNLRITNWNRKLGCKCQYKHIVDWCGCSPNDFKPQDFHRFQQTARPTFFARKFEAVVNQEIIGQLDYYLYGNYPAGTPGLRSYWENVYDEPDGIHSLSDVTLTLYHSFARLGLRRAETSLHTDGENSCRYYPMGHPASVHLYFLADRFQGFLIKHHATNLAVSKLETLETWVMPKKVFKIASPPSDFGRLQFSEVGTDWDAKERLFRNFGGLLGPMDEPVGMQKWGKGPNVTVTVIWVDPVNVIAATYDILIESTAEFTHYKPPLNLPLRPGVWTVKILHHWVPVAETKFLVAPLTFSNRQPIKPEEALKLHNGPLRNAYMEQSFQSLNPVLSLPINPAQVEQARRNAASTGTALEGWLDSLVGGMWTAMDICATGPTACPVMQTCSQTAWSSFSPDPKSELGAVKPDGRLR
>XYLT1_MOUSE,305,0,269,0
MVAAPCARRLARRSHSALLAALMVLLLHTLVVWNFSSLDSGAGEQRRAGAAAGAAEQQQPAAPRRERRDLAAHLPAARGGPGGRAGGGGARGGGPGGARAQQPASRGALASRARDPQPSPLITLETQDGYFSHRPKEKVRTDSNNENSVPKDFENVDNSNFAPRTQKQKHQPELAKKPPSRQKEHLQRKLDALDKRQGQSVLGKGPKEVLPPREKATGNSSQGKDLSRHSHARKSGGGGSPETKSDQAPKCDISGKEAISALTRAKSKHCRQEIAETYCRHKLGLLMPEKVARFCPLKGKAHKNVQWDEDAVEYMPANPVRIAFVLVVHGRAFRQFQRMSKAIYHKDHFYYIHVDKRSNYLHRQGLQFSRQYENVRVTSWKMATIWGGASFLSTYLQSMRDLLEMTDWPWDFFINLSAADYPIRTNDQLVAFLSRYRDMNFLKSHGRDNARFIRKQGLDRLFLECDTHMWRLGDRRIPEGIAVDGGSDWFLLNRKFVEYVAFSTDDLVTKMKQFYSYTLLPAESFFHTVLENSPHCDTMVDNNLRITNWNRKLGCKCQYKHIVDWCGCSPNDFKPQDFHRFQQTARPTFFARKFEAIVNQEIIGQLDSYLSGNFPAGTPGLRSYWEKLYDQSAPLRSLSDVALTMYHSFIRLGLRRAESSLHTDGENSCRYYPMGHPVSVHFYFLADRFQGFLIKHHVTNLAVSKLETLETWMMPKEVFKVASPPSDFGRLQFSEVGTDWDAKERLFRNFGGLLGPMDEPVGMQKWGKGPNVTVTVIWVDPVNVITATYDILIESTAEFTHYKPPLNLPLRPGVWTVKILHHWVPVAETKFLVAPLTFSNKQPIKPEEALKLHNGPPRSAYMEQSFQSLNPVLSLHINPAQVEQARKNAAFTGTALEAWLDSLVGGTWTAMDICTTGPTACPVMQTCSQTAWSSFSPDPKSELGAVKPDGRLR
