>AGRIN_MOUSE,269,269,0,0,1
MPPLPLEHRPRQQPGASVLVRYFMIPCNICLILLATSTLGFAVLLFLSNYKPGIHFTAAPSMPPDVCRGMLCGFGAVCEPSVEDPGRASCVCKKNVCPAMVAPVCGSDASTYSNECELQRAQCNQQRRIRLLRQGPCGSRDPCANVTCSFGSTCVPSADGQTASCLCPTTCFGAPDGTVCGSDGVDYPSECQLLRHACANQEHIFKKFDGPCDPCQGSMSDLNHICRVNPRTRHPEMLLRPENCPAQHTPICGDDGVTYENDCVMSRIGAARGLLLQKVRSGQCQTRDQCPETCQFNSVCLSRRGRPHCSCDRVTCDGAYRPVCAQDGHTYDNDCWRQQAECRQQQTIPPKHQGPCDQTPSPCRGAQCAFGATCTVKNGKAVCECQRVCSGGYDPVCGSDGVTYGSVCELESMACTLGREIRVARRGPCDRCGQCRFGSLCEVETGRCVCPSECVESAQPVCGSDGHTYASECELHVHACTHQISLYVASAGHCQTCGETVCTFGAVCSAGQCVCPRCEHPPPGPVCGSDGVTYLSACELREAACQQQVQIEEARAGPCEPAECGSGGSGSGEDNACEQELCRQHGGVWDEDSEDGPCVCDFSCQSVLKSPVCGSDGVTYSTECHLKKARCEARQELYVAAQGACRGPTLAPLLPMASPHCAQTPYGCCQDNVTAAQGVGLAGCPSTCHCNPHGSYSGTCDPVTGQCSCRPGVGGLRCDRCEPGFWNFRGIVTDGHSGCTPCSCDPRGAVRDDCEQMTGLCSCRPGVAGPKCGQCPDGQALGHLGCEADPTTPVTCVEMHCEFGASCVEEAGFAQCVCPTLTCPEANSTKVCGSDGVTYGNECQLKTIACRQRLDISIQSLGPCRESVAPGVSPTSASMTTPRHILSRTLASPHSSLPLSPSTTAHDWPTPLPTSPQTVVGTPRSTAATPSDVASLATAIFRESGSTNGSGDEELSGDEEASGGGSGGLEPPVGSVVVTHGPPIERASCYNSPLGCCSDGKTPSLDSEGSNCPATKAFQGVLELEGVEGQELFYTPEMADPKSELFGETARSIESTLDDLFRNSDVKKDFWSIRLRELGPGKLVRAIVDVHFDPTTAFQAPDVGQALLQQIQVSRPWALAVRRPLREHVRFLDFDWFPTFFTGAATGTTAAVATARATTVSRLSASSVTPRVYPSYTSRPVGRTTAPLTTRRPPTTTASIDRPRTPGPQRPPKSCDSQPCLHGGTCQDLDSGKGFSCSCTAGRAGTVCEKVQLPSVPAFKGHSFLAFPTLRAYHTLRLALEFRALETEGLLLYNGNARGKDFLALALLDGHVQFRFDTGSGPAVLTSLVPVEPGRWHRLELSRHWRQGTLSVDGEAPVVGESPSGTDGLNLDTKLYVGGLPEEQVATVLDRTSVGIGLKGCIRMLDINNQQLELSDWQRAVVQSSGVGECGDHPCSPNPCHGGALCQALEAGVFLCQCPPGRFGPTCADEKNPCQPNPCHGSAPCHVLSRGGAKCACPLGRSGSFCETVLENAGSRPFLADFNGFSYLELKGLHTFERDLGEKMALEMVFLARGPSGLLLYNGQKTDGKGDFVSLALHNRHLEFRYDLGKGAAIIRSKEPIALGTWVRVFLERNGRKGALQVGDGPRVLGESPKSRKVPHTMLNLKEPLYVGGAPDFSKLARGAAVASGFDGAIQLVSLRGHQLLTQEHVLRAVDVAPFAGHPCTQAVDNPCLNGGSCIPREATYECLCPGGFSGLHCEKGIVEKSVGDLETLAFDGRTYIEYLNAVTESELTNEIPAPETLDSRALFSEKALQSNHFELSLRTEATQGLVLWIGKVGERADYMALAIVDGHLQLSYDLGSQPVVLRSTVKVNTNRWLRVRAHREHREGSLQVGNEAPVTGSSPLGATQLDTDGALWLGGLQKLPVGQALPKAYGTGFVGCLRDVVVGHRQLHLLEDAVTKPELRPCPTL
>AGRIN_RAT,269,269,0,0,1
MPPLPLEHRPRQEPGASMLVRYFMIPCNICLILLATSTLGFAVLLFLSNYKPGIHFTPAPPTPPDVCRGMLCGFGAVCEPSVEDPGRASCVCKKNACPATVAPVCGSDASTYSNECELQRAQCNQQRRIRLLRQGPCGSRDPCANVTCSFGSTCVPSADGQTASCLCPTTCFGAPDGTVCGSDGVDYPSECQLLSHACASQEHIFKKFNGPCDPCQGSMSDLNHICRVNPRTRHPEMLLRPENCPAQHTPICGDDGVTYENDCVMSRIGATRGLLLQKVRSGQCQTRDQCPETCQFNSVCLSRRGRPHCSCDRVTCDGSYRPVCAQDGHTYNNDCWRQQAECRQQRAIPPKHQGPCDQTPSPCHGVQCAFGAVCTVKNGKAECECQRVCSGIYDPVCGSDGVTYGSVCELESMACTLGREIQVARRGPCDPCGQCRFGSLCEVETGRCVCPSECVESAQPVCGSDGHTYASECELHVHACTHQISLYVASAGHCQTCGEKVCTFGAVCSAGQCVCPRCEHPPPGPVCGSDGVTYLSACELREAACQQQVQIEEAHAGPCEPAECGSGGSGSGEDDECEQELCRQRGGIWDEDSEDGPCVCDFSCQSVPRSPVCGSDGVTYGTECDLKKARCESQQELYVAAQGACRGPTLAPLLPVAFPHCAQTPYGCCQDNFTAAQGVGLAGCPSTCHCNPHGSYSGTCDPATGQCSCRPGVGGLRCDRCEPGFWNFRGIVTDGHSGCTPCSCDPRGAVRDDCEQMTGLCSCRPGVAGPKCGQCPDGQVLGHLGCEADPMTPVTCVEIHCEFGASCVEKAGFAQCICPTLTCPEANSTKVCGSDGVTYGNECQLKAIACRQRLDISTQSLGPCQESVTPGASPTSASMTTPRHILSKTLPFPHNSLPLSPGSTTHDWPTPLPISPHTTVSIPRSTAWPVLTVPPTAAASDVTSLATSIFSESGSANGSGDEELSGDEEASGGGSGGLEPPVGSIVVTHGPPIERASCYNSPLGCCSDGKTPSLDSEGSNCPATKAFQGVLELEGVEGQELFYTPEMADPKSELFGETARSIESTLDDLFRNSDVKKDFWSVRLRELGPGKLVRAIVDVHFDPTTAFQASDVGQALLRQIQVSRPWALAVRRPLQEHVRFLDFDWFPTFFTGAATGTTAAMATARATTVSRLPASSVTPRVYPSHTSRPVGRTTAPPTTRRPPTTATNMDRPRTPGHQQPSKSCDSQPCLHGGTCQDQDSGKGFTCSCTAGRGGSVCEKVQPPSMPAFKGHSFLAFPTLRAYHTLRLALEFRALETEGLLLYNGNARGKDFLALALLDGRVQFRFDTGSGPAVLTSLVPVEPGRWHRLELSRHWRQGTLSVDGETPVVGESPSGTDGLNLDTNLYVGGIPEEQVAMVLDRTSVGVGLKGCIRMLDINNQQLELSDWQRAAVQSSGVGECGDHPCLPNPCHGGALCQALEAGMFLCQCPPGRFGPTCADEKSPCQPNPCHGAAPCRVLSSGGAKCECPLGRSGTFCQTVLETAGSRPFLADFNGFSYLELKGLHTFERDLGEKMALEMVFLARGPSGLLLYNGQKTDGKGDFVSLALHNRHLEFCYDLGKGAAVIRSKEPIALGTWVRVFLERNGRKGALQVGDGPRVLGESPKSRKVPHTMLNLKEPLYIGGAPDFSKLARGAAVSSGFSGVIQLVSLRGHQLLTQEHVLRAVDVSPFADHPCTQALGNPCLNGGSCVPREATYECLCPGGFSGLHCEKGLVEKSVGDLETLAFDGRTYIEYLNAVIESELTNEIPAPETLDSRALFSEKALQSNHFELSLRTEATQGLVLWIGKAAERADYMALAIVDGHLQLSYDLGSQPVVLRSTVKVNTNRWLRIRAHREHREGSLQVGNEAPVTGSSPLGATQLDTDGALWLGGLQKLPVGQALPKAYGTGFVGCLRDVVVGHRQLHLLEDAVTKPELRPCPTP
>AMPN_FELCA,269,269,0,0,0
MAKGFYISKPVGILAILLGVAAVCTIIALSVVYSQEKNRSTESSTAASTAAPTGPTTTVATTLDQSKPWNVYRLPKTLIPDSYNVTLRPYLTPNNKGLYVFTGTNIVRFTCKESTNIVIIHSKRLNYTSHQGHMVALSGVGGFHPQPVIVRTELVELTEYLVVHLQEPLVAGRQYEMNSEFQGELADDLAGFYRSEYMENGVKKVLATTHMQATEARKSFPCFDEPAMKATFNITIIHPNNLVALSNMLPRGPSVPFGEDPTWKVTEFETTPIMSTYLLAYIVSEFSYVETRAPSGVLIRIWARPSAINQGHGDYALKVTGPILDFFSQHYDTPYPLNKSDQIALPDFNAGAMENWGLVTYRESALLYDRQSSSSGNQERVVTVIAHELAHQWFGNLVTLEWWNDLWLNEGFASYVEYLGADFAEPTWNLKDLMVLNDVYRVMAVDALASSHPLSTPASEINTPAQISEVFDSISYSKGASVLRMLSNFLTEDLFKMGIASYLHTYKYGNTIYLNLWEHLQQVVDKQPTIKLPDTVSAIMDRWILQMGFPVITVDTQTGTISQQHFLLDPQSVVTRPSQFNYLWIVPISSVRSGSPQAHYWLPGVEKAQNDLFKTTANDWVLLNLNVTGYYLVNYDNENWKKIQTQLQTDLSVIPVINRAQVIHDAFNLASAQKVPVTLALNNTLFLIQETEYMPWQAALSSLSYFKLMFDRSEVYGPMKRYLKKQVTPLFNHFERVTKNWTDHPQTLMDQYSEINAVSTACSYGVPECEKLAATLFAQWKKNPQNNPIHPNLRSTVYCNAIAQGGEEEWNFVWEQFLKAELVNEADKLRGALACSNQVWILNRFLSYTLDPNLIRKQDVTSTLSSISSNVVGQTLVWDFVQSNWKKLFQDYGTGSFSFSNLIQAVTRRFSTEFELQQLEQFKKNNMDTGFGSATRALEQALEKTKANLKWVKENKDVVLRWFTENS
>AMPN_HUMAN,305,269,0,0,1
MAKGFYISKSLGILGILLGVAAVCTIIALSVVYSQEKNKNANSSPVASTTPSASATTNPASATTLDQSKAWNRYRLPNTLKPDSYRVTLRPYLTPNDRGLYVFKGSSTVRFTCKEATDVIIIHSKKLNYTLSQGHRVVLRGVGGSQPPDIDKTELVEPTEYLVVHLKGSLVKDSQYEMDSEFEGELADDLAGFYRSEYMEGNVRKVVATTQMQAADARKSFPCFDEPAMKAEFNITLIHPKDLTALSNMLPKGPSTPLPEDPNWNVTEFHTTPKMSTYLLAFIVSEFDYVEKQASNGVLIRIWARPSAIAAGHGDYALNVTGPILNFFAGHYDTPYPLPKSDQIGLPDFNAGAMENWGLVTYRENSLLFDPLSSSSSNKERVVTVIAHELAHQWFGNLVTIEWWNDLWLNEGFASYVEYLGADYAEPTWNLKDLMVLNDVYRVMAVDALASSHPLSTPASEINTPAQISELFDAISYSKGASVLRMLSSFLSEDVFKQGLASYLHTFAYQNTIYLNLWDHLQEAVNNRSIQLPTTVRDIMNRWTLQMGFPVITVDTSTGTLSQEHFLLDPDSNVTRPSEFNYVWIVPITSIRDGRQQQDYWLIDVRAQNDLFSTSGNEWVLLNLNVTGYYRVNYDEENWRKIQTQLQRDHSAIPVINRAQIINDAFNLASAHKVPVTLALNNTLFLIEERQYMPWEAALSSLSYFKLMFDRSEVYGPMKNYLKKQVTPLFIHFRNNTNNWREIPENLMDQYSEVNAISTACSNGVPECEEMVSGLFKQWMENPNNNPIHPNLRSTVYCNAIAQGGEEEWDFAWEQFRNATLVNEADKLRAALACSKELWILNRYLSYTLNPDLIRKQDATSTIISITNNVIGQGLVWDFVQSNWKKLFNDYGGGSFSFSNLIQAVTRRFSTEYELQQLEQFKKDNEETGFGSGTRALEQALEKTKANIKWVKENKEVVLQWFTENSK
>AMPN_MOUSE,250,269,0,0,0
MAKGFYISKTLGILGILLGVAAVCTIIALSVVYAQEKNRNAENSATAPTLPGSTSATTATTTPAVDESKPWNQYRLPKTLIPDSYRVILRPYLTPNNQGLYIFQGNSTVRFTCNQTTDVIIIHSKKLNYTLKGNHRVVLRTLDGTPAPNIDKTELVERTEYLVVHLQGSLVEGRQYEMDSQFQGELADDLAGFYRSEYMEGDVKKVVATTQMQAADARKSFPCFDEPAMKAMFNITLIYPNNLIALSNMLPKESKPYPEDPSCTMTEFHSTPKMSTYLLAYIVSEFKNISSVSANGVQIGIWARPSAIDEGQGDYALNVTGPILNFFAQHYNTSYPLPKSDQIALPDFNAGAMENWGLVTYRESSLVFDSQSSSISNKERVVTVIAHELAHQWFGNLVTVAWWNDLWLNEGFASYVEYLGADYAEPTWNLKDLMVLNDVYRVMAVDALASSHPLSSPADEIKTPDQIMELFDSITYSKGASVIRMLSSFLTEDLFKKGLSSYLHTYQYSNTVYLDLWEHLQKAVNQQTAVQPPATVRTIMDRWILQMGFPVITVNTNTGEISQKHFLLDSKSNVTRPSEFNYIWIAPIPFLKSGQEDHYWLDVEKNQSAKFQTSSNEWILLNINVTGYYLVNYDENNWKKLQNQLQTDLSVIPVINRAQIIHDSFNLASAKMIPITLALDNTLFLVKEAEYMPWQAALSSLNYFTLMFDRSEVYGPMKRYLKKQVTPLFFYFQNRTNNWVNRPPTLMEQYNEINAISTACSSGLKECRDLVVELYSQWMKNPNNNTIHPNLRSTVYCNAIAFGGEEEWNFAWEQFRNATLVNEADKLRSALACSKDVWILNRYLSYTLNPDYIRKQDTTSTIISIASNVAGHPLVWDFVRSNWKKLFENYGGGSFSFANLIQGVTRRFSSEFELQQLEQFKADNSATGFGTGTRALEQALEKTRANIDWVKENKDAVFKWFTENSS
>AMPN_PIG,305,269,0,0,1
MAKGFYISKALGILGILLGVAAVATIIALSVVYAQEKNKNAEHVPQAPTSPTITTTAAITLDQSKPWNRYRLPTTLLPDSYNVTLRPYLTPNADGLYIFKGKSIVRLLCQEPTDVIIIHSKKLNYTTQGHMVVLRGVGDSQVPEIDRTELVELTEYLVVHLKGSLQPGHMYEMESEFQGELADDLAGFYRSEYMEGNVKKVLATTQMQSTDARKSFPCFDEPAMKATFNITLIHPNNLTALSNMPPKGSSTPLAEDPNWSVTEFETTPVMSTYLLAYIVSEFQSVNETAQNGVLIRIWARPNAIAEGHGMYALNVTGPILNFFANHYNTSYPLPKSDQIALPDFNAGAMENWGLVTYRENALLFDPQSSSISNKERVVTVIAHELAHQWFGNLVTLAWWNDLWLNEGFASYVEYLGADHAEPTWNLKDLIVPGDVYRVMAVDALASSHPLTTPAEEVNTPAQISEMFDSISYSKGASVIRMLSNFLTEDLFKEGLASYLHAFAYQNTTYLDLWEHLQKAVDAQTSIRLPDTVRAIMDRWTLQMGFPVITVDTKTGNISQKHFLLDSESNVTRSSAFDYLWIVPISSIKNGVMQDHYWLRDVSQAQNDLFKTASDDWVLLNVNVTGYFQVNYDEDNWRMIQHQLQTNLSVIPVINRAQVIYDSFNLATAHMVPVTLALDNTLFLNGEKEYMPWQAALSSLSYFSLMFDRSEVYGPMKKYLRKQVEPLFQHFETLTKNWTERPENLMDQYSEINAISTACSNGLPQCENLAKTLFDQWMSDPENNPIHPNLRSTIYCNAIAQGGQDQWDFAWGQLQQAQLVNEADKLRSALACSNEVWLLNRYLGYTLNPDLIRKQDATSTINSIASNVIGQPLAWDFVQSNWKKLFQDYGGGSFSFSNLIQGVTRRFSSEFELQQLEQFKKNNMDVGFGSGTRALEQALEKTKANIKWVKENKEVVLNWFIEHS
>AMPN_RAT,250,269,0,0,0
MAKGFYISKTLGILGILLGVAAVCTIIALSVVYAQEKNRNAENSAIAPTLPGSTSATTSTTNPAIDESKPWNQYRLPKTLIPDSYQVTLRPYLTPNEQGLYIFKGSSTVRFTCNETTNVIIIHSKKLNYTNKGNHRVALRALGDTPAPNIDTTELVERTEYLVVHLQGSLVKGHQYEMDSEFQGELADDLAGFYRSEYMEGGNKKVVATTQMQAADARKSFPCFDEPAMKASFNITLIHPNNLTALSNMLPKDSRTLQEDPSWNVTEFHPTPKMSTYLLAYIVSEFKYVEAVSPNRVQIRIWARPSAIDEGHGDYALQVTGPILNFFAQHYNTAYPLEKSDQIALPDFNAGAMENWGLVTYRESALVFDPQSSSISNKERVVTVIAHELAHQWFGNLVTVDWWNDLWLNEGFASYVEFLGADYAEPTWNLKDLIVLNDVYRVMAVDALASSHPLSSPANEVNTPAQISELFDSITYSKGASVLRMLSSFLTEDLFKKGLSSYLHTFQYSNTIYLDLWEHLQQAVDSQTAIKLPASVSTIMDRWILQMGFPVITVNTSTGEIYQEHFLLDPTSKPTRPSDFNYLWIVPIPYLKNGKEDHYWLETEKNQSAEFQTSSNEWLLLNINVTGYYQVNYDENNWRKIQNQLQTDLSVIPVINRAQIIHDSFNLASAGKLSITLPLSNTLFLASETEYMPWEAALSSLNYFKLMFDRSEVYGPMKRYLKKQVTPLFAYFKIKTNNWLDRPPTLMEQYNEINAISTACSSGLEECRDLVVGLYSQWMNNSDNNPIHPNLRSTVYCNAIAFGGEEEWNFAWEQFRKATLVNEADKLRSALACSNEVWILNRYLSYTLNPDYIRKQDATSTIVSIANNVVGQTLVWDFVRSNWKKLFEDYGGGSFSFANLIQGVTRRFSSEFELQQLEQFKEDNSATGFGSGTRALEQALEKTKANIKWVKENKDVVLKWFTENS
>AOC3_HUMAN,269,269,0,0,1
MNQKTILVLLILAVITIFALVCVLLVGRGGDGGEPSQLPHCPSVSPSAQPWTHPGQSQLFADLSREELTAVMRFLTQRLGPGLVDAAQARPSDNCVFSVELQLPPKAAALAHLDRGSPPPAREALAIVFFGRQPQPNVSELVVGPLPHPSYMRDVTVERHGGPLPYHRRPVLFQEYLDIDQMIFNRELPQASGLLHHCCFYKHRGRNLVTMTTAPRGLQSGDRATWFGLYYNISGAGFFLHHVGLELLVNHKALDPARWTIQKVFYQGRYYDSLAQLEAQFEAGLVNVVLIPDNGTGGSWSLKSPVPPGPAPPLQFYPQGPRFSVQGSRVASSLWTFSFGLGAFSGPRIFDVRFQGERLVYEISLQEALAIYGGNSPAAMTTRYVDGGFGMGKYTTPLTRGVDCPYLATYVDWHFLLESQAPKTIRDAFCVFEQNQGLPLRRHHSDLYSHYFGGLAETVLVVRSMSTLLNYDYVWDTVFHPSGAIEIRFYATGYISSAFLFGATGKYGNQVSEHTLGTVHTHSAHFKVDLDVAGLENWVWAEDMVFVPMAVPWSPEHQLQRLQVTRKLLEMEEQAAFLVGSATPRYLYLASNHSNKWGHPRGYRIQMLSFAGEPLPQNSSMARGFSWERYQLAVTQRKEEEPSSSSVFNQNDPWAPTVDFSDFINNETIAGKDLVAWVTAGFLHIPHAEDIPNTVTVGNGVGFFLRPYNFFDEDPSFYSADSIYFRGDQDAGACEVNPLACLPQAAACAPDLPAFSHGGFSHN
>AT1B3_HUMAN,269,269,0,0,0
MTKNEKKSLNQSLAEWKLFIYNPTTGEFLGRTAKSWGLILLFYLVFYGFLAALFSFTMWVMLQTLNDEVPKYRDQIPSPGLMVFPKPVTALEYTFSRSDPTSYAGYIEDLKKFLKPYTLEEQKNLTVCPDGALFEQKGPVYVACQFPISLLQACSGMNDPDFGYSQGNPCILVKMNRIIGLKPEGVPRIDCVSKNEDIPNVAVYPHNGMIDLKYFPYYGKKLHVGYLQPLVAVQVSFAPNNTGKEVTVECKIDGSANLKSQDDRDKFLGRVMFKITARA
>ATP4B_PIG,269,269,0,0,1
MAALQEKKSCSQRMEEFQRYCWNPDTGQMLGRTLSRWVWISLYYVAFYVVMSGIFALCIYVLMRTIDPYTPDYQDQLKSPGVTLRPDVYGEKGLDISYNVSDSTTWAGLAHTLHRFLAGYSPAAQEGSINCTSEKYFFQESFLAPNHTKFSCKFTADMLQNCSGRPDPTFGFAEGKPCFIIKMNRIVKFLPGNSTAPRVDCAFLDQPRDGPPLQVEYFPANGTYSLHYFPYYGKKAQPHYSNPLVAAKLLNVPRNRDVVIVCKILAEHVSFDNPHDPYEGKVEFKLKIQK
>CD40L_HUMAN,303,269,0,0,1
MIETYNQTSPRSAATGLPISMKIFMYLLTVFLITQMIGSALFAVYLHRRLDKIEDERNLHEDFVFMKTIQRCNTGERSLSLLNCEEIKSQFEGFVKDIMLNKEETKKENSFEMQKGDQNPQIAAHVISEASSKTTSVLQWAEKGYYTMSNNLVTLENGKQLTVKRQGLYYIYAQVTFCSNREASSQAPFIASLCLKSPGRFERILLRAANTHSSAKPCGQQSIHLGGVFELQPGASVFVNVTDPSQVSHGTGFTSFGLLKL
>CEIP2_HUMAN,269,269,0,0,0
MYATDSRGHSPAFLQPQNGNSRHPSGYVPGKVVPLRPPPPPKSQASAKFTSIRREDRATFAFSPEEQQAQRESQKQKRHKNTFICFAITSFSFFIALAIILGISSKYAPDENCPDQNPRLRNWDPGQDSAKQVVIKEGDMLRLTSDATVHSIVIQDGGLLVFGDNKDGSRNITLRTHYILIQDGGALHIGAEKCRYKSKATITLYGKSDEGESMPTFGKKFIGVEAGGTLELHGARKASWTLLARTLNSSGLPFGSYTFEKDFSRGLNVRVIDQDTAKILESERFDTHEYRNESRRLQEFLRFQDPGRIVAIAVGDSAAKSLLQGTIQMIQERLGSELIQGLGYRQAWALVGVIDGGSTSCNESVRNYENHSSGGKALAQREFYTVDGQKFSVTAYSEWIEGVSLSGFRVEVVDGVKLNLLDDVSSWKPGDQIVVASTDYSMYQAEEFTLLPCSECSHFQVKVKETPQFLHMGEIIDGVDMRAEVGILTRNIVIQGEVEDSCYAENQCQFFDYDTFGGHIMIMKNFTSVHLSYVELKHMGQQQMGRYPVHFHLCGDVDYKGGYRHATFVDGLSIHHSFSRCITVHGTNGLLIKDTIGFDTLGHCFFLEDGIEQRNTLFHNLGLLTKPGTLLPTDRNNSMCTTMRDKVFGNYIPVPATDCMAVSTFWIAHPNNNLINNAAAGSQDAGIWYLFHKEPTGESSGLQLLAKPELTPLGIFYNNRVHSNFKAGLFIDKGVKTTNSSAADPREYLCLDNSARFRPHQDANPEKPRVAALIDRLIAFKNNDNGAWVRGGDIIVQNSAFADNGIGLTFASDGSFPSDEGSSQEVSESLFVGESRNYGFQGGQNKYVGTGGIDQKPRTLPRNRTFPIRGFQIYDGPIHLTRSTFKKYVPTPDRYSSAIGFLMKNSWQITPRNNISLVKFGPHVSLNVFFGKPGPWFEDCEMDGDKNSIFHDIDGSVTGYKDAYVGRMDNYLIRHPSCVNVSKWNAVICSGTYAQVYVQTWSTQNLSMTITRDEYPSNPMVLRGINQKAAFPQYQPVVMLEKGYTIHWNGPAPRTTFLYLVNFNKNDWIRVGLCYPSNTSFQVTFGYLQRQNGSLSKIEEYEPVHSLEELQRKQSERKFYFDSSTGLLFLYLKAKSHRHGHSYCSSQGCERVKIQAATDSKDISNCMAKAYPQYYRKPSVVKRMPAMLTGLCQGCGTRQVVFTSDPHKSYLPVQFQSPDKAETQRGDPSVISVNGTDFTFRSAGVLLLVVDPCSVPFRLTEKTVFPLADVSRIEEYLKTGIPPRSIVLLSTRGEIKQLNISHLLVPLGLAKPAHLYDKGSTIFLGFSGNFKPSWTKLFTSPAGQGLGVLEQFIPLQLDEYGCPRATTVRRRDLELLKQASKAH
>CL12A_HUMAN,269,269,0,0,0
MSEEVTYADLQFQNSSEMEKIPEIGKFGEKAPPAPSHVWRPAALFLTLLCLLLLIGLGVLASMFHVTLKIEMKKMNKLQNISEELQRNISLQLMSNMNISNKIRNLSTTLQTIATKLCRELYSKEQEHKCKPCPRRWIWHKDSCYFLSDDVQTWQESKMACAAQNASLLKINNKNALEFIKSQSRSYDYWLGLSPEEDSTRGMRVDNIINSSAWVIRNAPDLNNMYCGYINRLYVQYYHCTYKKRMICEKMANPVQLGSTYFREA
>CL12B_HUMAN,269,269,0,0,0
MSEEVTYATLTFQDSAGARNNRDGNNLRKRGHPAPSPIWRHAALGLVTLCLMLLIGLVTLGMMFLQISNDINSDSEKLSQLQKTIQQQQDNLSQQLGNSNNLSMEEEFLKSQISSVLKRQEQMAIKLCQELIIHTSDHRCNPCPKMWQWYQNSCYYFTTNEEKTWANSRKDCIDKNSTLVKIDSLEEKDFLMSQPLLMFSFFWLGLSWDSSGRSWFWEDGSVPSPSLFSTKELDQINGSKGCAYFQKGNIYISRCSAEIFWICEKTAAPVKTEDLD
>CLC2A_HUMAN,269,269,0,0,1
MINPELRDGRADGFIHRIVPKLIQNWKIGLMCFLSIIITTVCIIMIATWSKHAKPVACSGDWLGVRDKCFYFSDDTRNWTASKIFCSLQKAELAQIDTQEDMEFLKRYAGTDMHWIGLSRKQGDSWKWTNGTTFNGWFEIIGNGSFAFLSADGVHSSRGFIDIKWICSKPKYFL
>CLC2D_MOUSE,269,269,0,0,1
MCVTKASLPMLSPTGSPQEVEVGKILQGKRHGTISPESCAKLYCYYGVIMVLTVAVIALSVALSATKTEQIPVNKTYAACPQNWIGVENKCFYFSEYPSNWTFAQAFCMAQEAQLARFDNQDELNFLMRYKANFDSWIGLHRESSEHPWKWTDNTEYNNTIPIRGEERFAYLNNNGISSTRIYSLRMWICSKLNSYSLHCQTPFFPS
>CLC4A_HUMAN,305,269,0,0,1
MTSEITYAEVRFKNEFKSSGINTASSAASKERTAPHKSNTGFPKLLCASLLIFFLLLAISFFIAFVIFFQKYSQLLEKKTTKELVHTTLECVKKNMPVEETAWSCCPKNWKSFSSNCYFISTESASWQDSEKDCARMEAHLLVINTQEEQDFIFQNLQEESAYFVGLSDPEGQRHWQWVDQTPYNESSTFWHPREPSDPNERCVVLNFRKSPKRWGWNDVNCLGPQRSVCEMMKIHL
>CLC4C_HUMAN,305,269,0,0,1
MVPEEEPQDREKGLWWFQLKVWSMAVVSILLLSVCFTVSSVVPHNFMYSKTVKRLSKLREYQQYHPSLTCVMEGKDIEDWSCCPTPWTSFQSSCYFISTGMQSWTKSQKNCSVMGADLVVINTREEQDFIIQNLKRNSSYFLGLSDPGGRRHWQWVDQTPYNENVTFWHSGEPNNLDERCAIINFRSSEEWGWNDIHCHVPQKSICKMKKIYI
>CLC5A_HUMAN,269,269,0,0,1
MNWHMIISGLIVVVLKVVGMTLFLLYFPQIFNKSNDGFTTTRSYGTVSQIFGSSSPSPNGFITTRSYGTVCPKDWEFYQARCFFLSTSESSWNESRDFCKGKGSTLAIVNTPEKLKFLQDITDAEKYFIGLIYHREEKRWRWINNSVFNGNVTNQNQNFNCATIGLTKTFDAASCDISYRRICEKNAK
>CLC5A_MOUSE,269,269,0,0,0
MNWHMIISGLIVVVIKVVGMTFFLLYFPQVFGKSNDGFVPTESYGTTSVQNVSQIFGRNDESTMPTRSYGTVCPRNWDFHQGKCFFFSFSESPWKDSMDYCATQGSTLAIVNTPEKLKYLQDIAGIENYFIGLVRQPGEKKWRWINNSVFNGNVTNQDQNFDCVTIGLTKTYDAASCEVSYRWICEMNAK
>CLC7A_HUMAN,269,269,0,0,0
MEYHPDLENLDEDGYTQLHFDSQSNTRIAVVSEKGSCAASPPWRLIAVILGILCLVILVIAVVLGTMAIWRSNSGSNTLENGYFLSRNKENHSQPTQSSLEDSVTPTKAVKTTGVLSSPCPPNWIIYEKSCYLFSMSLNSWDGSKRQCWQLGSNLLKIDSSNELGFIVKQVSSQPDNSFWIGLSRPQTEVPWLWEDGSTFSSNLFQIRTTATQENPSPNCVWIHVSVIYDQLCSVPSYSICEKKFSM
>CLC7A_MOUSE,269,269,0,0,1
MKYHSHIENLDEDGYTQLDFSTQDIHKRPRGSEKGSQAPSSPWRPIAVGLGILCFVVVVVAAVLGALGEYGHNSGRNPEEKDNFLSRNKENHKPTESSLDEKVAPSKASQTTGGFSQPCLPNWIMHGKSCYLFSFSGNSWYGSKRHCSQLGAHLLKIDNSKEFEFIESQTSSHRINAFWIGLSRNQSEGPWFWEDGSAFFPNSFQVRNTAPQESLLHNCVWIHGSEVYNQICNTSSYSICEKEL
>CLCL1_HUMAN,269,269,0,0,0
MVSNFFHVIQVFEKSATLISKTEHIGFVIYSWRKSTTHLGSRRKFAISIYLSEVSLQKYDCPFSGTSFVVFSLFLICAMAGDVVYADIKTVRTSPLELAFPLQRSVSFNFSTVHKSCPAKDWKVHKGKCYWIAETKKSWNKSQNDCAINNSYLMVIQDITAMVRFNI
>CODA1_HUMAN,269,269,0,0,0
MVAERTHKAAATGARGPGELGAPGTVALVAARAERGARLPSPGSCGLLTLALCSLALSLLAHFRTAELQARVLRLEAERGEQQMETAILGRVNQLLDEKWKLHSRRRREAPKTSPGCNCPPGPPGPTGRPGLPGDKGAIGMPGRVGSPGDAGLSIIGPRGPPGQPGTRGFPGFPGPIGLDGKPGHPGPKGDMGLTGPPGQPGPQGQKGEKGQCGEYPHRECLSSMPAALRSSQIIALKLLPLLNSVRLAPPPVIKRRTFQGEQSQASIQGPPGPPGPPGPSGPLGHPGLPGPMGPPGLPGPPGPKGDPGIQGYHGRKGERGMPGMPGKHGAKGAPGIAVAGMKGEPGIPGTKGEKGAEGSPGLPGLLGQKGEKGDAGNSIGGGRGEPGPPGLPGPPGPKGEAGVDGQVGPPGQPGDKGERGAAGEQGPDGPKGSKGEPGKGEMVDYNGNINEALQEIRTLALMGPPGLPGQIGPPGAPGIPGQKGEIGLPGPPGHDGEKGPRGKPGDMGPPGPQGPPGKDGPPGVKGENGHPGSPGEKGEKGETGQAGSPGEKGEAGEKGNPGAEVPGLPGPEGPPGPPGLQGVPGPKGEAGLDGAKGEKGFQGEKGDRGPLGLPGASGLDGRPGPPGTPGPIGVPGPAGPKGERGSKGDPGMTGPTGAAGLPGLHGPPGDKGNRGERGKKGSRGPKGDKGDQGAPGLDAPCPLGEDGLPVQGCWNK
>COMT_HUMAN,269,269,0,0,1
MPEAPPLLLAAVLLGLVLLVVLLLLLRHWGWGLCLIGWNEFILQPIHNLLMGDTKEQRILNHVLQHAEPGNAQSVLEAIDTYCEQKEWAMNVGDKKGKIVDAVIQEHQPSVLLELGAYCGYSAVRMARLLSPGARLITIEINPDCAAITQRMVDFAGVKDKVTLVVGASQDIIPQLKKKYDVDTLDMVFLDHWKDRYLPDTLLLEECGLLRKGTVLLADNVICPGAPDFLAHVRGSSCFECTHYQSFLEYREVVDGLEKAIYKGPGSEAGP
>CONA1_RAT,269,269,0,0,0
MGAGERAAGGGGTQDPGAGCGARALGALCLLLSVGSATACLLLGAQAAALHGRVAALEQERELLRRAGPSGALAAWAETHLERLLREKLDGVAKLRTVREAPSECICPPGPPGRRGKPGRRGDPGPPGQSGRDGYPGPLGLDGKPGLPGPKGEKGAPGDFGPRGAQGQDGAAGPPGPPGPPGARGPPGDTGKDGPRGAQGPEGPRGESGQDGEMGPMGPPGPKGEPGTPGKKGDDGIPSQPGLPGPPGPKGEPGDVGPQGETGVDGAPGLKGEPGHPGTDGAIGPRGPPGLKGEQGDTVVIDYDGRILDALKGPPGPQGAPGPPGIPGAKGELGLPGAPGIDGEKGPKGPKGDPGEPGPAGPKGETGEMGLSGLPGADGPKGEKGESASDHLQESLAQIIVEPGPPGPPGPPGPMGLQGIQGPKGLDGAKGEKGASGERGPHGLPGPVGPPGLIGLPGTKGEKGRPGEPGLDGFPGPRGEKGDRSERGEKGERGVPGRKGVKGQKGEPGPPGLDQPCPVGPDGLPVPGCWHK
>DPP10_HUMAN,250,269,0,0,1
MNQTASVSHHIKCQPSKTIKELGSNSPPQRNWKGIAIALLVILVVCSLITMSVILLTPDELTNSSETRLSLEDLFRKDFVLHDPEARWINDTDVVYKSENGHVIKLNIETNATTLLLENTTFVTFKASRHSVSPDLKYVLLAYDVKQIFHYSYTASYVIYNIHTREVWELNPPEVEDSVLQYAAWGVQGQQLIYIFENNIYYQPDIKSSSLRLTSSGKEEIIFNGIADWLYEEELLHSHIAHWWSPDGERLAFLMINDSLVPTMVIPRFTGALYPKGKQYPYPKAGQVNPTIKLYVVNLYGPTHTLELMPPDSFKSREYYITMVKWVSNTKTVVRWLNRAQNISILTVCETTTGACSKKYEMTSDTWLSQQNEEPVFSRDGSKFFMTVPVKQGGRGEFHHVAMFLIQSKSEQITVRHLTSGNWEVIKILAYDETTQKIYFLSTESSPRGRQLYSASTEGLLNRQCISCNFMKEQCTYFDASFSPMNQHFLLFCEGPRVPVVSLHSTDNPAKYFILESNSMLKEAILKKKIGKPEIKILHIDDYELPLQLSLPKDFMDRNQYALLLIMDEEPGGQLVTDKFHIDWDSVLIDMDNVIVARFDGRGSGFQGLKILQEIHRRLGSVEVKDQITAVKFLLKLPYIDSKRLSIFGKGYGGYIASMILKSDEKLFKCGSVVAPITDLKLYASAFSERYLGMPSKEESTYQAASVLHNVHGLKEENILIIHGTADTKVHFQHSAELIKHLIKAGVNYTMQVYPDEGHNVSEKSKYHLYSTILKFFSDCLKEEISVLPQEPEEDE
>DPP10_MOUSE,305,269,0,0,0
MKQEQQPTPGARATQSQPADQELGSNSPPQRNWKGIAIALLVILVVCSLITMSVILLTPDELTNSSETRLSLEELLGKGFGLHNPEPRWINDTVVVYKTNNGHVMKLNTESNASTLLLDNSTFVTFKASRHSLSPDLKYVLLAYDVKQIFHYSFTASYLIYNIHTGEVWELNPPEVEDSVLQYAAWGVQGQQLIYIFENNIYYQPDIKSSSLRLTSSGKEGIIFNGIADWLYEEELLHSHIAHWWSPDGERLAFLMINDSLVPNMIIPRFTGALYPKAKQYPYPKAGQANPSVKLYVVNLYGPTHTLELMPPDIFKSREYYITMVKWVSNTRTVVRWLNRPQNISILTLCESTTGACSRKYEMTSDTWLSKQNEEPVFSRDGSKFFMTVPVKQGGRGEFHHIAMFLVQSKSEQITVRHLTSGNWEVIRILAYDETTQKIYFLSTESSPQGRQLYSASTEGLLNRDCISCNFMKEDCTYFDASFSPMNQHFLLFCEGPKVPVVSLHITDNPSRYFLLENNSVMKETIQKKKLAKRETRILHIDDYELPLQLSFPKDFMEKNQYALLLIMDEEPGGQMVTDKFHVDWDSVLIDTDNVIVARFDGRGSGFQGLKVLQEIHRRIGSVEAKDQVAAVKYLLKQPYIDSKRLSIFGKGYGGYIASMILKSDEKFFKCGAVVAPISDMKLYASAFSERYLGMPSKEESTYQASSVLHNIHGLKEENLLIIHGTADTKVHFQHSAELIKHLIKAGVNYTLQVYPDEGYHISDKSKHHFYSTILRFFSDCLKEEVSVLPQEPEEDE
>DPP10_RAT,305,269,0,0,0
MNQTASVSHHIKCQPSKTIKELGSNSPPQRNWKGIAIALLVILVVCSLITMSVILLTPDELTNSSETRLSLEELLGKGFGLHNPEARWINDTDVVYKTDNGHVMKLNAETNATTLLLDNSTFVTFKASRHSLSPDLKYVLLAYDVKQIFHYSFTASYLIYNIHTGEVWELNPPEVEDSVLQYAAWGVQGQQLIYIFENNIYYQPDIKSSSLRLTSSGKEGIVFNGIADWLYEEELLHSHIAHWWSPDGERLAFLMINDSLVPNMVIPRFTGALYPKAKQYPYPKAGQANPSVKLYVVNLYGPTHTLELMPPDIFKSREYYITMVKWVSNTRTVVRWLNRPQNISILTVCESTTGACSRKYEMTSDTWISKQNEEPVFSRDGSKFFMTVPVKQGGRGEFHHIAMFLVQSKSEQITVRHLTSGNWEVIRILAYDETTQKIYFLSTEFSPRGRQLYSASTEGLLSRDCISCNFRKEDCTYFDASFSPMNQHFLLFCEGPKVPMVSLHSTDNPSNYYILERNSMMKETIQKKKLAKREIRILHIDDYELPLQLSFPKDFLEKNQYALLLIIDEEPGGQMVTEKFHVDWDSVLIDTDNVIVARFDGRGSGFQGLKVLQEIHRRTGSVEAKDQIAAIKYLLKQPYIDSKRLSIFGKGYGGYIASMILKSDEKFFKCGTVVAPISDMKLYASAFSERYLGMPSKEESTYQASSVLHNIHGLKEENLLIIHGTADTKVHFQHSAELIKHLIKAGVNYTLQVYPDEGYHISDKSKHHFYSTILRFFSDCLKEEVSVLPQEPEEDE
>DPP6_HUMAN,305,269,0,0,1
MASLYQRFTGKINTSRSFPAPPEASHLLGGQGPEEDGGAGAKPLGPRAQAAAPRERGGGGGGAGGRPRFQYQARSDGDEEDELVGSNPPQRNWKGIAIALLVILVICSLIVTSVILLTPAEDNSLSQKKKVTVEDLFSEDFKIHDPEAKWISDTEFIYREQKGTVRLWNVETNTSTVLIEGKKIESLRAIRYEISPDREYALFSYNVEPIYQHSYTGYYVLSKIPHGDPQSLDPPEVSNAKLQYAGWGPKGQQLIFIFENNIYYCAHVGKQAIRVVSTGKEGVIYNGLSDWLYEEEILKTHIAHWWSPDGTRLAYAAINDSRVPIMELPTYTGSIYPTVKPYHYPKAGSENPSISLHVIGLNGPTHDLEMMPPDDPRMREYYITMVKWATSTKVAVTWLNRAQNVSILTLCDATTGVCTKKHEDESEAWLHRQNEEPVFSKDGRKFFFIRAIPQGGRGKFYHITVSSSQPNSSNDNIQSITSGDWDVTKILAYDEKGNKIYFLSTEDLPRRRQLYSANTVGNFNRQCLSCDLVENCTYFSASFSHSMDFFLLKCEGPGVPMVTVHNTTDKKKMFDLETNEHVKKAINDRQMPKVEYRDIEIDDYNLPMQILKPATFTDTTHYPLLLVVDGTPGSQSVAEKFEVSWETVMVSSHGAVVVKCDGRGSGFQGTKLLHEVRRRLGLLEEKDQMEAVRTMLKEQYIDRTRVAVFGKDYGGYLSTYILPAKGENQGQTFTCGSALSPITDFKLYASAFSERYLGLHGLDNRAYEMTKVAHRVSALEEQQFLIIHPTADEKIHFQHTAELITQLIRGKANYSLQIYPDESHYFTSSSLKQHLYRSIINFFVECFRIQDKLLTVTAKEDEEED
>DPP6_MOUSE,305,269,0,0,0
MNQTAGASNNVRCPPGKGHKELVGSNPPQRNWKGIAIALLVILVICSLIVTSVILLTPAEDTSLSQKKKVTVEDLFSEDFKIHDPEAKWISNKEFIYRERKGSVILRNVETNNSTVLIEGKKIESLRAIRYEISPDKEYVLFSYNVEPVYQHSHTGYYVLSKIPHGDPQSLDPPEVSNAKLQYAGWGPKGQQLIFIFENNIYYCAHVGKQAIRVVSTGKEGVIYNGLSDWLYEEEILKSHIAHWWSPDGTRLAYATINDSRVPLMELPTYTGSVYPTVKPYHYPKAGSENPSISLHVIGLNGPTHDLEMMPPDDPRMREYYITMVKWATSTKVAVTWLNRAQNVSILTLCDATTGVCTKKHEDESEAWLHRQNEEPVFSKDGRKFFFVRAIPQGGRGKFYHITVSSSQPNSSNDNIQSITSGDWDVTKILSYDEKRNKIYFLSTEDLPRRRHLYSANTVDDFNRQCLSCDLVENCTYVSASFSHNMDFFLLKCEGPGVPTVTVHNTTDKRRMFDLEANEEVQKAINDRQMPKIEYRKIEVEDYSLPMQILKPATFTDTAHYPLLLVVDGTPGSQSVTERFEVTWETVLVSSHGAVVVKCDGRGSGFQGTKLLQEVRRRLGFLEEKDQMEAVRTMLKEQYIDKTRVAVFGKDYGGYLSTYILPAKGENQGQTFTCGSALSPITDFKLYASAFSERYLGLHGLDNRAYEMTKLAHRVSALEDQQFLIIHATADEKIHFQHTAELITQLIKGKANYSLQIYPDESHYFHSVALKQHLSRSIIGFFVECFRVQDKLPTATAKEEEEED
>DPP6_RAT,250,269,0,0,0
MASLYQRFTGKINTSRSFPAPPEASHLLGGQGPEEDAGSKPLGPQAQAVAPRERGGAGGRPRFQYQARSDCDEEDELVGSNPPQRNWKGIAIALLVILVICSLIVTSVILLTPAEDTSLSQKKKVTVEDLFSEDFKIHDPEAKWISDKEFIYRERKGSVILRNVETNNSTVLIEGKKIESLRAIRYEISPDKEYALFSYNVEPVYQHSHTGYYVLSKIPHGDPQSLDPPEVSNAKLQYAGWGPKGQQLIFIFENNIYYCAHVGKQAIRVVSTGKEGVIYNGLSDWLYEEEILKSHIAHWWSPDGTRLAYATINDSRVPLMELPTYTGSVYPTVKPYHYPKAGSENPSISLHVIGLNGPTHDLEMMPPDDPRMREYYITMVKWATSTKVAVTWLNRAQNVSILTLCDATTGVCTKKHEDESEAWLHRQNEEPVFSKDGRKFFFVRAIPQGGRGKFYHITVSSSQPNSSNDNIQSITSGDWDVTEILTYDEKRNKLYFLSTEDLPRRRHLYSANTVDDFNRQCLSCDLVENCTYVSASFSHNMDFFLLKCEGPGVPTVTVHNTTDKRRMFDLEANEQVQKAIYDRQMPKIEYRKIEVEDYSLPMQILKPATFTDTAHYPLLLVVDGTPGSQSVSERFEVTWETVLVSSHGAVVVKCDGRGSGFQGTKLLHEVRRRLGFLEEKDQMEAVRTMLKEQYIDKTRVAVFGKDYGGYLSTYILPAKGENQGQTFTCGSALSPITDFKLYASAFSERYLGLHGLDNRAYEMTKLAHRVSALEDQQFLIIHATADEKIHFQHTAELITQLIKGKANYSLQIYPDESHYFHSVALKQHLYRSIIGFFVECFRIQDKLPTATAKEDEEED
>ECE1_RAT,269,269,0,0,0
MGSLRPPQGLGLQWSSFFLGKKGPGLTVSLPLLASSLQVNFRSPRSGQRCWAARTSVEKRLVVLVTLLAAGLVACLAALGIQYRTRTPPVCLTEACVSVTSSILNSMDPTVDPCQDFFSYACGGWIKANPVPDGHSRWGTFSNLWEHNQAIIKHLLENSTASASEAEKKAQVYYRACMNETRIEELRAKPLMELIEKLGGWNITGPWAKDNFQDTLQVVTAHYRTSPFFSVYVSADSKNSNSNVIQVDQSGLGLPSRDYYLNKTENEKVLTGYLNYMVQLGKLLGGGDEDSIRPQMQQILDFETALANITIPQEKRRDEELIYHKVTAAELQTLAPAINWLPFLNAIFYPVEINESEPIVVYDKEYLRQVSTLINSTDKCLLNNYMMWNLVRKTSSFLDQRFQDADEKFMEVMYGTKKTCLPRWKFCVSDTENNLGFALGPMFVKATFAEDSKNIASEIILEIKKAFEESLSTLKWMDEDTRRSAKEKADAIYNMIGYPNFIMDPKELDKVFNDYTAVPDLYFENAMRFFNFSLRVTADQLRKAPNRDQWSMTPPMVNAYYSPTKNEIVFPAGILQAPFYTRSSPNALNFGGIGVVVGHELTHAFDDQGREYDKDGNLRPWWKNSSVEAFKQQTECMVQQYNNYSVNGEPVNGRHTLGENIADNGGLKAAYRAYQNWVKKNGAEQILPTLGLTSNQLFFLGFAQVWCSVRTPESSHEGLITDPHSPSRFRVIGSLSNSKEFSEHFRCPLGSPMNPRHKCEVW
>EDA_MOUSE,269,269,0,0,0
MGYPEVERREPLPAAAPRERGSQGCGCRGAPARAGEGNSCRLFLGFFGLSLALHLLTLCCYLELRSELRRERGTESRLGGPGAPGTSGTLSSPGSLDPVGPITRHLGQPSFQQQPLEPGEDPLPPDSQDRHQMALLNFFFPDEKAYSEEESRRVRRNKRSKSGEGADGPVKNKKKGKKAGPPGPNGPPGPPGPPGPQGPPGIPGIPGIPGTTVMGPPGPPGPPGPQGPPGLQGPSGAADKTGTRENQPAVVHLQGQGSAIQVKNDLSGGVLNDWSRITMNPKVFKLHPRSGELEVLVDGTYFIYSQVEVYYINFTDFASYEVVVDEKPFLQCTRSIETGKTNYNTCYTAGVCLLKARQKIAVKMVHADISINMSKHTTFFGAIRLGEAPAS
>ENPP3_HUMAN,305,269,0,0,1
MESTLTLATEQPVKKNTLKKYKIACIVLLALLVIMSLGLGLGLGLRKLEKQGSCRKKCFDASFRGLENCRCDVACKDRGDCCWDFEDTCVESTRIWMCNKFRCGETRLEASLCSCSDDCLQRKDCCADYKSVCQGETSWLEENCDTAQQSQCPEGFDLPPVILFSMDGFRAEYLYTWDTLMPNINKLKTCGIHSKYMRAMYPTKTFPNHYTIVTGLYPESHGIIDNNMYDVNLNKNFSLSSKEQNNPAWWHGQPMWLTAMYQGLKAATYFWPGSEVAINGSFPSIYMPYNGSVPFEERISTLLKWLDLPKAERPRFYTMYFEEPDSSGHAGGPVSARVIKALQVVDHAFGMLMEGLKQRNLHNCVNIILLADHGMDQTYCNKMEYMTDYFPRINFFYMYEGPAPRIRAHNIPHDFFSFNSEEIVRNLSCRKPDQHFKPYLTPDLPKRLHYAKNVRIDKVHLFVDQQWLAVRSKSNTNCGGGNHGYNNEFRSMEAIFLAHGPSFKEKTEVEPFENIEVYNLMCDLLRIQPAPNNGTHGSLNHLLKVPFYEPSHAEEVSKFSVCGFANPLPTESLDCFCPHLQNSTQLEQVNQMLNLTQEEITATVKVNLPFGRPRVLQKNVDHCLLYHREYVSGFGKAMRMPMWSSYTVPQLGDTSPLPPTVPDCLRADVRVPPSESQKCSFYLADKNITHGFLYPPASNRTSDSQYDALITSNLVPMYEEFRKMWDYFHSVLLIKHATERNGVNVVSGPIFDYNYDGHFDAPDEITKHLANTDVPIPTHYFVVLTSCKNKSHTPENCPGWLDVLPFIIPHRPTNVESCPEGKPEALWVEERFTAHIARVRDVELLTGLDFYQDKVQPVSEILQLKTYLPTFETTI
>ENPP3_RAT,250,269,0,0,1
MDSRLALATEEPIKKDSLKRYKILCAVLLALLVIVSLGLGLGLGLRKPEEHIGSCRKKCFDSSHRGLEGCRCDSGCTDRGDCCWDFEDTCVKSTQIWTCNSFRCGETRLEAALCSCADDCLQRKDCCTDYKAVCQGEVPWVTEACASSQEPQCPEGFDQPPVILFSMDGFRAEYLQTWSTLLPNINKLKTCGLHSKYMRAMYPTKTFPNHYTIVTGLYPESHGIIDNNMYDVYLNKNFSLSSVEKSNPAWWSGQPIWLTAMYQGLKAASYYWPGSDVAVNGSFPNIYRNYSNSVPYESRIATLLQWLDLPKAERPSFYTIYVEEPDSAGHKSGPVSAGVIKALQLVDDAFGMLMEGLKQRNLHNCVNIIVLADHGMDQTSCDRVEYMTDYFPEINFYMYQGPAPRIRTRNIPQDFFTFNSEEIVRDLSCRKSDQHFKPYLTPDLPKRLHYAKNVRIDKVHLMVDRQWLAYRNKGSSNCEGGTHGYNNEFKSMEAIFLAHGPSFKEKTVIEPFENIEVYNLLCDLLHIQPAPNNGSHGSLNHLLKAPFYQPSHAEELSKSAGCGFTTPLPKDSLNCSCLALQTSGQEEQVNQRLNLSGGEVSATEKTNLPFGRPRVIQKNKDHCLLYHREYVSGFGKAMKMPMWSSYTVPKPGDTSSLPPTVPDCLRADVRVDPSESQKCSFYLADQNIDHGFLYPPAIKGNNESQYDALITSNLVPMYKEFKKMWDYFHKVLLIKYAIERNGVNVVSGPIFDYNYDGHFDAPDEITNYVAGTDVPVPTHYFVVLTSCKNKTHTPDSCPGWLDVLPFVVPHRPTNVESCPENKAEDLWVEERFKAHIARVRDVELLTGLDFYQEKTQPVSEILQLKTYLPTFETII
>FOLH1_HUMAN,269,269,0,0,1
MWNLLHETDSAVATARRPRWLCAGALVLAGGFFLLGFLFGWFIKSSNEATNITPKHNMKAFLDELKAENIKKFLYNFTQIPHLAGTEQNFQLAKQIQSQWKEFGLDSVELAHYDVLLSYPNKTHPNYISIINEDGNEIFNTSLFEPPPPGYENVSDIVPPFSAFSPQGMPEGDLVYVNYARTEDFFKLERDMKINCSGKIVIARYGKVFRGNKVKNAQLAGAKGVILYSDPADYFAPGVKSYPDGWNLPGGGVQRGNILNLNGAGDPLTPGYPANEYAYRRGIAEAVGLPSIPVHPIGYYDAQKLLEKMGGSAPPDSSWRGSLKVPYNVGPGFTGNFSTQKVKMHIHSTNEVTRIYNVIGTLRGAVEPDRYVILGGHRDSWVFGGIDPQSGAAVVHEIVRSFGTLKKEGWRPRRTILFASWDAEEFGLLGSTEWAEENSRLLQERGVAYINADSSIEGNYTLRVDCTPLMYSLVHNLTKELKSPDEGFEGKSLYESWTKKSPSPEFSGMPRISKLGSGNDFEVFFQRLGIASGRARYTKNWETNKFSGYPLYHSVYETYELVEKFYDPMFKYHLTVAQVRGGMVFELANSIVLPFDCRDYAVVLRKYADKIYSISMKHPQEMKTYSVSFDSLFSAVKNFTEIASKFSERLQDFDKSNPIVLRMMNDQLMFLERAFIDPLGLPDRPFYRHVIYAPSSHNKYAGESFPGIYDALFDIESKVDPSKAWGEVKRQIYVAAFTVQAAAETLSEVA
>GGT1_HUMAN,250,269,0,0,1
MKKKLVVLGLLAVVLVLVIVGLCLWLPSASKEPDNHVYTRAAVAADAKQCSKIGRDALRDGGSAVDAAIAALLCVGLMNAHSMGIGGGLFLTIYNSTTRKAEVINAREVAPRLAFATMFNSSEQSQKGGLSVAVPGEIRGYELAHQRHGRLPWARLFQPSIQLARQGFPVGKGLAAALENKRTVIEQQPVLCEVFCRDRKVLREGERLTLPQLADTYETLAIEGAQAFYNGSLTAQIVKDIQAAGGIVTAEDLNNYRAELIEHPLNISLGDVVLYMPSAPLSGPVLALILNILKGYNFSRESVESPEQKGLTYHRIVEAFRFAYAKRTLLGDPKFVDVTEVVRNMTSEFFAAQLRAQISDDTTHPISYYKPEFYTPDDGGTAHLSVVAEDGSAVSATSTINLYFGSKVRSPVSGILFNNEMDDFSSPSITNEFGVPPSPANFIQPGKQPLSSMCPTIMVGQDGQVRMVVGAAGGTQITTATALAIIYNLWFGYDVKRAVEEPRLHNQLLPNVTTVERNIDQAVTAALETRHHHTQIASTFIAVVQAIVRTAGGWAAASDSRKGGEPAGY
>GLDN_HUMAN,250,269,0,0,1
MARGAEGGRGDAGWGLRGALAAVALLSALNAAGTVFALCQWRGLSSALRALEAQRGREQREDSALRSFLAELSRAPRGASAPPQDPASSARNKRSHSGEPAPHIRAESHDMLMMMTYSMVPIRVMVDLCNSTKGICLTGPSGPPGPPGAGGLPGHNGLDGQPGPQGPKGEKGANGKRGKMGIPGAAGNPGERGEKGDHGELGLQGNEGPPGQKGEKGDKGDVSNDVLLAGAKGDQGPPGPPGPPGPPGPPGPPGSRRAKGPRQPSMFNGQCPGETCAIPNDDTLVGKADEKASEHHSPQAESMITSIGNPVQVLKVTETFGTWIRESANKSDDRIWVTEHFSGIMVKEFKDQPSLLNGSYTFIHLPYYFHGCGHVVYNNSLYYHKGGSNTLVRFEFGQETSQTLKLENALYFDRKYLFANSKTYFNLAVDEKGLWIIYASSVDGSSILVAQLDERTFSVVQHVNTTYPKSKAGNAFIARGILYVTDTKDMRVTFAFDLLGGKQINANFDLRTSQSVLAMLAYNMRDQHLYSWEDGHLMLYPVQFLSTTLNQ
>GLDN_MOUSE,305,269,0,0,1
MTRAAERGQGATGWGLRGALVAIALLSALNAAGTVFVLCQWRGLSAALRALEAQRGREQREDSALRAFLAELSRAPGRVPEPSQDPMSAARNKRSHNGEPASHIRAESQDMMMMMTYSMVPIRVMIDLCNSTQGICLTGPPGPPGPPGAGGLPGHNGSDGQPGLQGPKGEKGAIGKRGKMGLPGATGNPGEKGEKGDAGELGLPGNEGPPGQKGDKGDKGDVSNDVLLTGAKGDQGPPGPPGPPGPPGPPGSRRSKGPRPPNVFNSQCPGETCVIPNDDTLVGRADEKANERHSPQTESMITSIGNPAQVLKVRETFGTWMRESANKSDDRIWVTEHFSGIMVKEFKDLPALLNSSFTLLHLPHYFHGCGHAVYNNSLYYHKGGSNTIVRFEFGKETPQTLKLENALYFDRKYLFANSKTYFNIAVDEKGIWIIYASSVDGSSILVAQLDERTFSVTQHINTTYPKSKAGNAFIARGILYVTDTKDTRVTFAFDLLGGKQINANFDFRMSQSVLAMLSYNMRDQHLYSWEDGHLMLYPVQFLSAASSQR
>GLDN_RAT,269,269,0,0,1
MTRAAERGQGATGWGLRGALMAVALLSVLNAVGTVFVLYQWRELSAALRALEAQHGQEQREDSALRAFLAELSRAPARVPEPPQDPMSAARNKRSHGGEPASHIRAESQDMMMMMTYSMVPIRVMIDLCNSTQGICLTGPPGPPGPPGAGGLPGHNGSDGQPGLQGPKGEKGAVGKRGKMGLPGATGNPGEKGEKGDAGELGLPGNEGPPGQKGDKGDKGDVSNDVLLTGAKGDQGPPGPPGPPGPPGPPGSRRAKGPRQPNSFTNQCPGETCVIPNDDTLVGRADEKVNERHSPQTEPMITSIGNPAQVLKVKETFGTWLRESANRSDDRIWVTEHFSGIMVKEFEDLPALLNSSFTLLHLPHYFHGCGHAVYNNSLYYHKGGSNTIVRFEFGKETPQTLKLEDALYFDRKYLFANSKTYFNIAVDEKGLWIIYASSVDGSSILVAQLDERTFSVLRHINTTYPKSKAGNAFIAQGILYVTDTKDTRVTFAFDLLRGKQINANFGLRMSQSVLAMLSYNMRDQHLYSWEDGHLMLYPVHFSSTAPSQR
>HEPS_HUMAN,269,269,0,0,1
MAQKEGGRTVPCCSRPKVAALTAGTLLLLTAIGAASWAIVAVLLRSDQEPLYPVQVSSADARLMVFDKTEGTWRLLCSSRSNARVAGLSCEEMGFLRALTHSELDVRTAGANGTSGFFCVDEGRLPHTQRLLEVISVCDCPRGRFLAAICQDCGRRKLPVDRIVGGRDTSLGRWPWQVSLRYDGAHLCGGSLLSGDWVLTAAHCFPERNRVLSRWRVFAGAVAQASPHGLQLGVQAVVYHGGYLPFRDPNSEENSNDIALVHLSSPLPLTEYIQPVCLPAAGQALVDGKICTVTGWGNTQYYGQQAGVLQEARVPIISNDVCNGADFYGNQIKPKMFCAGYPEGGIDACQGDSGGPFVCEDSISRTPRWRLCGIVSWGTGCALAQKPGVYTKVSDFREWIFQAIKTHSEASGMVTQL
>KKLC1_HUMAN,269,269,0,0,0
MNFYLLLASSILCALIVFWKYRRFQRNTGEMSSNSTALALVRPSSSGLINSNTDNNLAVYDLSRDILNNFPHSIARQKRILVNLSMVENKLVELEHTLLSKGFRGASPHRKST
>KLRF2_HUMAN,269,269,0,0,1
MENEDGYMTLSFKNRCKSKQKSKDFSLYPQYYCLLLIFGCIVILIFIMTGIDLKFWHKKMDFSQNVNVSSLSGHNYLCPNDWLLNEGKCYWFSTSFKTWKESQRDCTQLQAHLLVIQNLDELEFIQNSLKPGHFGWIGLYVTFQGNLWMWIDEHFLVPELFSVIGPTDDRSCAVITGNWVYSEDCSSTFKGICQRDAILTHNGTSGV
>KLRG1_HUMAN,269,269,0,0,1
MTDSVIYSMLELPTATQAQNDYGPQQKSSSSRPSCSCLVAIALGLLTAVLLSVLLYQWILCQGSNYSTCASCPSCPDRWMKYGNHCYYFSVEEKDWNSSLEFCLARDSHLLVITDNQEMSLLQVFLSEAFCWIGLRNNSGWRWEDGSPLNFSRISSNSFVQTCGAINKNGLQASSCEVPLHWVCKKCPFADQALF
>KLRG1_MOUSE,269,269,0,0,1
MADSSIYSTLELPEAPQVQDESRWKLKAVLHRPHLSRFAMVALGLLTVILMSLLMYQRILCCGSKDSTCSHCPSCPILWTRNGSHCYYFSMEKKDWNSSLKFCADKGSHLLTFPDNQGVKLFGEYLGQDFYWIGLRNIDGWRWEGGPALSLRILTNSLIQRCGAIHRNGLQASSCEVALQWICKKVLY
>LCAP_HUMAN,269,269,0,0,1
MEPFTNDRLQLPRNMIENSMFEEEPDVVDLAKEPCLHPLEPDEVEYEPRGSRLLVRGLGEHEMEEDEEDYESSAKLLGMSFMNRSSGLRNSATGYRQSPDGACSVPSARTMVVCAFVIVVAVSVIMVIYLLPRCTFTKEGCHKKNQSIGLIQPFATNGKLFPWAQIRLPTAVVPLRYELSLHPNLTSMTFRGSVTISVQALQVTWNIILHSTGHNISRVTFMSAVSSQEKQAEILEYAYHGQIAIVAPEALLAGHNYTLKIEYSANISSSYYGFYGFSYTDESNEKKYFAATQFEPLAARSAFPCFDEPAFKATFIIKIIRDEQYTALSNMPKKSSVVLDDGLVQDEFSESVKMSTYLVAFIVGEMKNLSQDVNGTLVSIYAVPEKIGQVHYALETTVKLLEFFQNYFEIQYPLKKLDLVAIPDFEAGAMENWGLLTFREETLLYDSNTSSMADRKLVTKIIAHELAHQWFGNLVTMKWWNDLWLNEGFATFMEYFSLEKIFKELSSYEDFLDARFKTMKKDSLNSSHPISSSVQSSEQIEEMFDSLSYFKGSSLLLMLKTYLSEDVFQHAVVLYLHNHSYASIQSDDLWDSFNEVTNQTLDVKRMMKTWTLQKGFPLVTVQKKGKELFIQQERFFLNMKPEIQPSDTSYLWHIPLSYVTEGRNYSKYQSVSLLDKKSGVINLTEEVLWVKVNINMNGYYIVHYADDDWEALIHQLKINPYVLSDKDRANLINNIFELAGLGKVPLKRAFDLINYLGNENHTAPITEALFQTDLIYNLLEKLGYMDLASRLVTRVFKLLQNQIQQQTWTDEGTPSMRELRSALLEFACTHNLGNCSTTAMKLFDDWMASNGTQSLPTDVMTTVFKVGAKTDKGWSFLLGKYISIGSEAEKNKILEALASSEDVRKLYWLMKSSLNGDNFRTQKLSFIIRTVGRHFPGHLLAWDFVKENWNKLVQKFPLGSYTIQNIVAGSTYLFSTKTHLSEVQAFFENQSEATFRLRCVQEALEVIQLNIQWMEKNLKSLTWWL
>MARCO_HUMAN,305,269,0,0,0
MRNKKILKEDELLSETQQAAFHQIAMEPFEINVPKPKRRNGVNFSLAVVVIYLILLTAGAGLLVVQVLNLQARLRVLEMYFLNDTLAAEDSPSFSLLQSAHPGEHLAQGASRLQVLQAQLTWVRVSHEHLLQRVDNFTQNPGMFRIKGEQGAPGLQGHKGAMGMPGAPGPPGPPAEKGAKGAMGRDGATGPSGPQGPPGVKGEAGLQGPQGAPGKQGATGTPGPQGEKGSKGDGGLIGPKGETGTKGEKGDLGLPGSKGDRGMKGDAGVMGPPGAQGSKGDFGRPGPPGLAGFPGAKGDQGQPGLQGVPGPPGAVGHPGAKGEPGSAGSPGRAGLPGSPGSPGATGLKGSKGDTGLQGQQGRKGESGVPGPAGVKGEQGSPGLAGPKGAPGQAGQKGDQGVKGSSGEQGVKGEKGERGENSVSVRIVGSSNRGRAEVYYSGTWGTICDDEWQNSDAIVFCRMLGYSKGRALYKVGAGTGQIWLDNVQCRGTESTLWSCTKNSWGHHDCSHEEDAGVECSV
>MARCO_MESAU,305,269,0,0,0
MGNKKALKEEAFLGSAEEGADFDQAMFPVMETFEINDPMPKKRNWGSFCTAVMAIHLILLTAGTTLLTLKVLSLQKWILEKYLDNETLAAEDRSFFSLQLASPETHLVPRTPGLQALQVQLTQVRTSQEQLLQQVDNLTRNPELFRIKGERGSPGIPGLQGPPGIKGEAGLQGPMGAPREPGATGAPGPQGEKGSKGDKGLIGPKGEHGTKGDKGDLGLPGSKGDMGMKGVTGVMGPPGAQGNKGDPGKPGLPGLAGSPGVKGDQGQPGLQGVPGTPGAAGPSGAKGEPGHPGPPGPTGPQGISGSPGAAGLKGSKGDTGIQGQKGTKGESGVPGLAGRKGDTGNPGLAGPKGEPGRPGLKGDPGMKGSSGQQGQKGEKGEKGQSFKEVRIVGGTNRGRAEIFYNNAWGTICDDNWDNNDATVFCRMLGYSSGKGFTFGGGSGNIWLDDVNCQGTEDSLWNCRKNNWGSHNCNHNEDAGVECR
>MARCO_MOUSE,305,269,0,0,1
MGSKELLKEEDFLGSTEDRADFDQAMFPVMETFEINDPVPKKRNGGTFCMAVMAIHLILLTAGTALLLIQVLNLQEQLQMLEMCCGNGSLAIEDKPFFSLQWAPKTHLVPRAQGLQALQAQLSWVHTSQEQLRQQFNNLTQNPELFQIKGERGSPGPKGAPGAPGIPGLPGPAAEKGEKGAAGRDGTPGVQGPQGPPGSKGEAGLQGLTGAPGKQGATGAPGPRGEKGSKGDIGLTGPKGEHGTKGDKGDLGLPGNKGDMGMKGDTGPMGSPGAQGGKGDAGKPGLPGLAGSPGVKGDQGKPGVQGVPGPQGAPGLSGAKGEPGRTGLPGPAGPPGIAGNPGIAGVKGSKGDTGIQGQKGTKGESGVPGLVGRKGDTGSPGLAGPKGEPGRVGQKGDPGMKGSSGQQGQKGEKGQKGESFQRVRIMGGTNRGRAEVYYNNEWGTICDDDWDNNDATVFCRMLGYSRGRALSSYGGGSGNIWLDNVNCRGTENSLWDCSKNSWGNHNCVHNEDAGVECS
>MFRP_MOUSE,269,269,0,0,0
MKDYDDVILRPEASELSKTEFCNPAFDPEAGPSCPPPALQRDVGSRLQAPWHAQRLRGLQPDCHFSWFCILLLSGLLLLLLGLLVAVILAQLQATSLPRTTKNPLLTRGLTPMGVIPSTTPNTTTTTTTTTPARTGQQEAAMSPTHQTTCGGLLPGPSGFFSSPNYPDLYPPLSHCVWHIQVAAGQTIQLKIQALSIESMLTCLFDRLEIISEPTGPLLRVCGKTPPATLNTNTSHLRVSFVSDNDVEGSGFQAWYQAVAPGHWSCAHNEFHCDLLLCLKRDSVCDGITECADGSDEANCSAKTLGCGGNLTGLYGVFSTPNYPQHYPHQQLCTWYIEVPVGYGIRLEFHNFSLEAQAECKFDYVEVYEASNLGTFSFLGRFCGAEPPLNVVSSMHQLAVIFKTDLGISSGGFLATYQAINTTESGCPWAEFCQSGGYRDLQWMCDLWKDCANDSNDNCSSHLSPQPDLTCEPVQVEMCLGLSYNTTAFPNIWVGLATQTEVTDILRGYKSLTSLPCYQTFQRFLCGLLVPRCTSLGTILPPCRSVCQAAEQQCQSSLALLGTPWPFNCNRLPVAASLEACSQP
>NALDL_RAT,305,269,0,0,0
MHWAKILGVGIGAAALLGLGIILGHFAIPKATEPLASSVSDSQDLDLAILDSVMGQLDASRIRENLRELSKEPHVATSARDEALVQLLLGRWKDSASGLDTAKTYEYTVLLSFPSTEQPNSVEVVGPNGTVFHSFQPFEKNLTGEQAEPNVLQPYAAYAPPGTPKGPLVYANRGSEDDFKKLEAEGINLKGTIALTRYGSVGRGAKAINAARHGVVGVLVYTDPGDINDGKSLPNETFPNSWGLPPSGVERGSYYEYFGDPLTPYLPAHPVSFRLDPHNISGFPPIPTQPIGFEDAKNLLCNLNGTSAPDSWQGALGCEYKLGPGFEPNGNFPAGSEVKVSVYNRLELRNSSNVLGIIQGAVEPDRYVIYGNHRDSWVHGAVDPSSGTAVLLEISRVLGTLLKKGTWRPRRSIIFASWGAEEFGLIGSTEFTEEFLSKLQERTVTYINVDISVFSNATLRAQGTPPVQSVIFSATKEISAPGSSGLSIYDNWIRYTNRSSPVYGLVPSMGTLGAGSDYASFIHFLGITSMDLAYTYDRSKTSARIYPTYHTAFDTFDYVEKFLDPGFSSHQAVARTAGSVLLRLSDSLFLPLNVSDYSETLQSFLQAAQENLGALLESHNISLGPLVTAVEKFKAAAAALNQHILTLQKSSPDPLQVRMVNDQLMLLERAFLNPRAFPEERYYSHVLWAPNTASVATFPGLANAYARAQEINSGAEAWAEVERQLSIAVMALEGAAATLQPVTDL
>NCEH1_HUMAN,305,269,0,0,0
MRSSCVLLTALVALAAYYVYIPLPGSVSDPWKLMLLDATFRGAQQVSNLIHYLGLSHHLLALNFIIVSFGKKSAWSSAQVKVTDTDFDGVEVRVFEGPPKPEEPLKRSVVYIHGGGWALASAKIRYYDELCTAMAEELNAVIVSIEYRLVPKVYFPEQIHDVVRATKYFLKPEVLQKYMVDPGRICISGDSAGGNLAAALGQQFTQDASLKNKLKLQALIYPVLQALDFNTPSYQQNVNTPILPRYVMVKYWVDYFKGNYDFVQAMIVNNHTSLDVEEAAAVRARLNWTSLLPASFTKNYKPVVQTTGNARIVQELPQLLDARSAPLIADQAVLQLLPKTYILTCEHDVLRDDGIMYAKRLESAGVEVTLDHFEDGFHGCMIFTSWPTNFSVGIRTRNSYIKWLDQNL
>NKG2D_HUMAN,269,269,0,0,1
MGWIRGRRSRHSWEMSEFHNYNLDLKKSDFSTRWQKQRCPVVKSKCRENASPFFFCCFIAVAMGIRFIIMVAIWSAVFLNSLFNQEVQIPLTESYCGPCPKNWICYKNNCYQFFDESKNWYESQASCMSQNASLLKVYSKEDQDLLKLVKSYHWMGLVHIPTNGSWQWEDGSILSPNLLTIIEMQKGDCALYASSFKGYIENCSTPNTYICMQRTV
>NKG2D_MOUSE,269,269,0,0,1
MALIRDRKSHHSEMSKCHNYDLKPAKWDTSQEQQKQRLALTTSQPGENGIIRGRYPIEKLKISPMFVVRVLAIALAIRFTLNTLMWLAIFKETFQPVLCNKEVPVSSREGYCGPCPNNWICHRNNCYQFFNEEKTWNQSQASCLSQNSSLLKIYSKEEQDFLKLVKSYHWMGLVQIPANGSWQWEDGSSLSYNQLTLVEIPKGSCAVYGSSFKAYTEDCANLNTYICMKRAV
>PHEX_HUMAN,269,269,0,0,0
MEAETGSSVETGKKANRGTRIALVVFVGGTLVLGTILFLVSQGLLSLQAKQEYCLKPECIEAAAAILSKVNLSVDPCDNFFRFACDGWISNNPIPEDMPSYGVYPWLRHNVDLKLKELLEKSISRRRDTEAIQKAKILYSSCMNEKAIEKADAKPLLHILRHSPFRWPVLESNIGPEGVWSERKFSLLQTLATFRGQYSNSVFIRLYVSPDDKASNEHILKLDQATLSLAVREDYLDNSTEAKSYRDALYKFMVDTAVLLGANSSRAEHDMKSVLRLEIKIAEIMIPHENRTSEAMYNKMNISELSAMIPQFDWLGYIKKVIDTRLYPHLKDISPSENVVVRVPQYFKDLFRILGSERKKTIANYLVWRMVYSRIPNLSRRFQYRWLEFSRVIQGTTTLLPQWDKCVNFIESALPYVVGKMFVDVYFQEDKKEMMEELVEGVRWAFIDMLEKENEWMDAGTKRKAKEKARAVLAKVGYPEFIMNDTHVNEDLKAIKFSEADYFGNVLQTRKYLAQSDFFWLRKAVPKTEWFTNPTTVNAFYSASTNQIRFPAGELQKPFFWGTEYPRSLSYGAIGVIVGHEFTHGFDNNGRKYDKNGNLDPWWSTESEEKFKEKTKCMINQYSNYYWKKAGLNVKGKRTLGENIADNGGLREAFRAYRKWINDRRQGLEEPLLPGITFTNNQLFFLSYAHVRCNSYRPEAAREQVQIGAHSPPQFRVNGAISNFEEFQKAFNCPPNSTMNRGMDSCRLW
>PHEX_MOUSE,305,269,0,0,0
MEAETGSTMETGKGTNRGIRIALALFIGGTLVLGTLLFLVSQGLLSFQAKQEYCLKPECIEAAAAIMSKVNLSVDPCENFFRFACDGWISNNPIPEDMPSYGVYPWLRHNVDLKLKALLEKSVSRRRDTEAVQKAKILYSSCMNEKAIEKADAKPLLHILRHSPFRWPVLEANIGPEGVWSERKFSLLQTLATFRGQYSNSVFIRLYVSPDDKASNEHILKLDQATLSLAVREDFLDNTTEAKSYRDALYKFMVDTAVLLGANSSRAEHDMKSVLRLEIKIAEIMIPHENRTSEAMYNKMNISELSAMIPQFDWLGYIKKVIDTRLYPHLKDIGPSENVVVRVPQYFKDLFRILGAERKKTIANYLVWRMVYSRIPNLSRRFQYRWLEFSRVIQGTTTLLPQWDKCVNFIESALPYVVGKMFVNVHFQEDKKEMMEELIEGVRWAFIDMLEKENEWMDAGTKRKAQEKARAVLAKVGYPEFIMNDTYVNEDLKAIKFSESDYFGNVLQTRKYLAQSDFFWLRKAVPKTEWFTNPTTVNAFYSASTNQIRFPAGELQKPFFWGTEYPRSLSYGAIGVIVGHEFTHGFDNNGRKYDKNGNLDPWWSVESEEKFKEKTKCMINQYSNYYWKKAGLNVKGKRTLGENIADNGGLREAFRAYRKWINDRRQGVEEPLLPGITFTNNQLFFLSYAHVRCNSYRPEAAREQVQIGAHSPPQFRVNGAISNFEEFQKAFNCPRNSTMNRGADSCRLW
>PRRT1_RAT,305,269,0,0,0
MSSEKSGLPDSVPHTSPPPYNAPQPPAEPPIPPPQTAPSSHHHHHHHYHQSGTATLPRLGAGGLASAAAGAQRGPSSSATLPRPPHHAPPGPAAGAPPPGCATLPRMPPDPYLQETRFEGPLPPPPPAAAAPPPPAPAPTAQAPGFVVPTHAGAVGTLPLGGYVAPGYPLQLQPCTAYVPVYPVGTPYASGTPGGPGVTSTLPPPPQGPGLALLEPRRPPHDYMPIAVLTTICCFWPTGIIAIFKAVQVRTALARGDLVSAEIASREARNFSFISLAVGIAAMVLCTILTVVIIIAAQHHENYWDP
>SCAR5_MOUSE,269,269,0,0,1
MDNKAMYLHTVSDRDNGSIFEEPFDGRSLSKLNLCEDGPCHKRRAGGCCTQLGSLSALKHAVLGLYLLVFLILVGIFILAVSRPRSSPDDLKALTRNVNRLNESLRDMQLRLLQAPLQADLTEQVWKVQDALQNQTDSLLALAGLVQRLEGTLWGLHAQAAQTEQAMALLRDRTGQQSDSAQLELYQLQVESNRSQLLLQRHAGLLDGLARRVGVLGEELADVGGALRGLNHSLSYDVALHSTWLQDLQVLVSNASADTRRMRLVHMDMEMQLKQELATLNVVTEDLRLKDWEHSIALRNITLAKGPPGPKGDQGNEGKEGKPGSPGLPGSRGLPGERGDPGLPGPKGDDGKLGATGPMGMRGFKGDRGPKGEKGERGERAGDMDFTMIRLVNGSGPHQGRVEVFHDRRWGTVCDDGWDKKDGDVVCRMLGFHGVEEVYRTARFGQGTGRIWMDDVNCKGTESSIFHCQFSKWGVTNCGHAEDAGVTCTVP
>SGCB_MOUSE,269,269,0,0,0
MAAAAAAAAATEQQGSNGPVKKSMREKAVERRNVNKEHNSNFKAGYIPIDEDRLHKTGLRGRKGNLAICVIVLLFILAVINLLITLVIWAVIRIGPNGCDSMEFHESGLLRFKQVSDMGVIHPLYKSTVGGRRNENLVITGNNQPIVFQQGTTKLSVEKNKTSITSDIGMQFFDPRTHNILFSTDYETHEFHLPSGVKSLNVQKASTERITSNATSDLNIKVDGRAIVRGNEGVFIMGKTIEFHMGGDVELKAENSIILNGTVMVSPTRLPSSSSGDQSGSGDWVRYKLCMCADGTLFKVQVTGHNMGCQVSDNPCGNTH
>SGCD_MOUSE,269,269,0,0,0
MPQEQYSHHRSTMPSSEGPHIYKVGIYGWRKRCLYFFVLLLMILILVNLAMTIWILKVMNFTIDGMGNLRITEKGLKLEGDSEFLQPLYAKEIKSRPGNALYFKSARNVTVNILNDQTKVLTQLVTGPKAVEAYGKRFEVKTVSGKLLFSADDSEVVVGAERLRVLGAEGTVFPKSIETPNVRADPFKELRLESPTRSLVMEAPKGVEINAEAGNMEAICRSELRLESKDGEIKLDAAKIKLPRLPRGSYTPTGTRQKVFEVCVCANGRLFLSQAGTGSTCQINTSVCL
>SGCG_MOUSE,269,269,0,0,0
MVREQYTTVTEGTHIERPENQHIYKIGIYGWRKRCLYLFVLLLLAILVVNLALTIWILKVMWFSPIGMGHLHVTADGLRLEGESEFLFPLYAKEIRSRVDSSLLLQSTQNVTVSARNSEGEVTGRVKVGAQMVEVQSQHFQINSEDGKPLFSAEEQDVVVGTGRLRVTGPEGALFEHSVETPLVRADPFQDLRLESPTRSLSMDAPRGVHVKANAGKLEALSQMDIILQSSEGVLVLDAETVGLTKLKQGTQGPAGSSNGFYEICACPDGKLYLSMAGEVTTCEEHSHVCL
>SMIM1_HUMAN,269,269,0,0,0
MQPQESHVHYSRWEDGSRDGVSLGAVSSTEEASRCRRISQRLCTGKLGIAMKVLGGVALFWIIFILGYLTGYYVHKCK
>SYNG1_MOUSE,269,269,0,0,0
MDGIIEQKSVLVHSKISDAGKRNGLINTRNFMAESRDGLVSVYPAPQYQSHRLVASAAPGSLEGGRSEPVQQLLDPNTLQQSVESHYRPNIILYSDGVLRSWGDGVATDCCETTFIEDRSPTKDSLEYPDGKFIDLSGDDIKIHTLSYDVEEEEELQELESDYSSDTESEDNFLMMPPRDHLGLSVFSMLCCFWPLGIAAFYLSHETNKAVAKGDFHQASTSSRRALFLAVLSITIGTGIYVGVAVALIAYLSKNNHL
>SYNG1_RAT,250,269,0,0,0
MDGIVEQKSVLVHSKIGDAGKRNGLINTRNFMAESRDGLVSVYPAPQYQSHRLVASAAPGSLEGGRSDPVQQLLDPNTLQQSVDSHYRPNIILYSDGVLRSWGDGVATDCCETTFIEDRSPTKDSLEYPDGKFIDLSGDDIKIHTLSYDVEEEEELQELESDYSSDTESEDNFLMMPPRDHLGLSVFSMLCCFWPLGIAAFYLSHETNKAVAKGDFHQASTSSRRALFLAVLSITIGTGIYVGVAVALIAYLSKNNHL
>TFR1_HUMAN,269,269,0,0,1
MMDQARSAFSNLFGGEPLSYTRFSLARQVDGDNSHVEMKLAVDEEENADNNTKANVTKPKRCSGSICYGTIAVIVFFLIGFMIGYLGYCKGVEPKTECERLAGTESPVREEPGEDFPAARRLYWDDLKRKLSEKLDSTDFTGTIKLLNENSYVPREAGSQKDENLALYVENQFREFKLSKVWRDQHFVKIQVKDSAQNSVIIVDKNGRLVYLVENPGGYVAYSKAATVTGKLVHANFGTKKDFEDLYTPVNGSIVIVRAGKITFAEKVANAESLNAIGVLIYMDQTKFPIVNAELSFFGHAHLGTGDPYTPGFPSFNHTQFPPSRSSGLPNIPVQTISRAAAEKLFGNMEGDCPSDWKTDSTCRMVTSESKNVKLTVSNVLKEIKILNIFGVIKGFVEPDHYVVVGAQRDAWGPGAAKSGVGTALLLKLAQMFSDMVLKDGFQPSRSIIFASWSAGDFGSVGATEWLEGYLSSLHLKAFTYINLDKAVLGTSNFKVSASPLLYTLIEKTMQNVKHPVTGQFLYQDSNWASKVEKLTLDNAAFPFLAYSGIPAVSFCFCEDTDYPYLGTTMDTYKELIERIPELNKVARAAAEVAGQFVIKLTHDVELNLDYERYNSQLLSFVRDLNQYRADIKEMGLSLQWLYSARGDFFRATSRLTTDFGNAEKTDRFVMKKLNDRVMRVEYHFLSPYVSPKESPFRHVFWGSGSHTLPALLENLKLRKQNNGAFNETLFRNQLALATWTIQGAANALSGDVWDIDNEF
>TM11B_HUMAN,305,269,0,0,0
MYRHGISSQRSWPLWTTIFIFLGVAAILGVTIGLLVHFLAVEKTYYYQGDFHISGVTYNDNCENAASQASTNLSKDIETKMLNAFQNSSIYKEYVKSEVIKLLPNANGSNVQLQLKFKFPPAEGVSMRTKIKAKLHQMLKNNMASWNAVPASIKLMEISKAASEMLTNNCCGRQVANSIITGNKIVNGKSSLEGAWPWQASMQWKGRHYCGASLISSRWLLSAAHCFAKKNNSKDWTVNFGIVVNKPYMTRKVQNIIFHENYSSPGLHDDIALVQLAEEVSFTEYIRKICLPEAKMKLSENDNVVVTGWGTLYMNGSFPVILQEDFLKIIDNKICNASYAYSGFVTDTMLCAGFMSGEADACQNDSGGPLAYPDSRNIWHLVGIVSWGDGCGKKNKPGVYTRVTSYRNWITSKTGL
>TM11C_MOUSE,305,269,0,0,0
MARGQPRRSEEQWTALQNRTECKTKIKLTRCGKITLGILTAVLAAVLIGLIAYFAACGKDSFYYHVSFKVNNIDYDSKFAKPYSQEYMDLNKRIVSLMNETFHESKLRKQYVKAHTVQVSKAKGKVVIHAVLKFKACYRNNVEKYWESVETTLYQKLKGQTGLLIDSSSFKFSDIAMPIAEDLLNTCCGRRTIIHRGHKVAGGQDAEEGEWPWQASLQQNSVHRCGATLISNYWLITAAHCFIRAANPKDWKVSFGFLLSKPQAPRAVKNIIIHENYSYPAHDNDIAVVRLSSPVLYESNIRRACLPEATQKFPPNSDVVVTGWGTLKSDGDSPNILQKGKVKIIDNKTCNSGKAYGGMITPGMMCAGFLKGRVDACQGDSGGPLVSEDSKGIWFLAGIVSWGDECALPNKPGVYTRVTYYRDWITSKTGL
>TM11E_MOUSE,269,269,0,0,0
MYRSCVVRARKRTCVEPWVIGIISFLSLIVLAVCIGLTVHYVRYNHRRTYNYYSTLSFTSDKLYSEFGREASKNFTEMSQRIETMVKHAFHKSPLRGQLVKAHIIKFSKEDDGVLAHMLLIFRIRSTEDPETVHKIIEYVLHEKLKYATGPPNVDPESVKIKKINKTESDNYFNHCCGTRRNKSTVQTSVRIVGGTPVEEEEWPWQSSLRWDGSHRCGATLINNTWLVTAAHCFRTHKDPSRWSATFGATLQPRKLTTGIRRIIVHEKYKYPSHDYDIALAELSKPVPCTNAVHKVCLPDANHEFQPGQRMFVTGFGALKNDGFTQNNLRQVQVDYIDTQTCNQPQSYNGAITPRMLCAGFLKGEKDACQGDSGGPLVTADVRDIWYLAGVVSWGDECGQPNKPGVYTRVTAFRHWIASNTGI
>TMPS2_HUMAN,269,269,0,0,0
MALNSGSPPAIGPYYENHGYQPENPYPAQPTVVPTVYEVHPAQYYPSPVPQYAPRVLTQASNPVVCTQPKSPSGTVCTSKTKKALCITLTLGTFLVGAALAAGLLWKFMGSKCSNSGIECDSSGTCINPSNWCDGVSHCPGGEDENRCVRLYGPNFILQVYSSQRKSWHPVCQDDWNENYGRAACRDMGYKNNFYSSQGIVDDSGSTSFMKLNTSAGNVDIYKKLYHSDACSSKAVVSLRCIACGVNLNSSRQSRIVGGESALPGAWPWQVSLHVQNVHVCGGSIITPEWIVTAAHCVEKPLNNPWHWTAFAGILRQSFMFYGAGYQVEKVISHPNYDSKTKNNDIALMKLQKPLTFNDLVKPVCLPNPGMMLQPEQLCWISGWGATEEKGKTSEVLNAAKVLLIETQRCNSRYVYDNLITPAMICAGFLQGNVDSCQGDSGGPLVTSKNNIWWLIGDTSWGSGCAKAYRPGVYGNVMVFTDWIYRQMRADG
>TMPS6_HUMAN,269,269,0,0,0
MLLLFHSKRMPVAEAPQVAGGQGDGGDGEEAEPEGMFKACEDSKRKARGYLRLVPLFVLLALLVLASAGVLLWYFLGYKAEVMVSQVYSGSLRVLNRHFSQDLTRRESSAFRSETAKAQKMLKELITSTRLGTYYNSSSVYSFGEGPLTCFFWFILQIPEHRRLMLSPEVVQALLVEELLSTVNSSAAVPYRAEYEVDPEGLVILEASVKDIAALNSTLGCYRYSYVGQGQVLRLKGPDHLASSCLWHLQGPKDLMLKLRLEWTLAECRDRLAMYDVAGPLEKRLITSVYGCSRQEPVVEVLASGAIMAVVWKKGLHSYYDPFVLSVQPVVFQACEVNLTLDNRLDSQGVLSTPYFPSYYSPQTHCSWHLTVPSLDYGLALWFDAYALRRQKYDLPCTQGQWTIQNRRLCGLRILQPYAERIPVVATAGITINFTSQISLTGPGVRVHYGLYNQSDPCPGEFLCSVNGLCVPACDGVKDCPNGLDERNCVCRATFQCKEDSTCISLPKVCDGQPDCLNGSDEEQCQEGVPCGTFTFQCEDRSCVKKPNPQCDGRPDCRDGSDEEHCDCGLQGPSSRIVGGAVSSEGEWPWQASLQVRGRHICGGALIADRWVITAAHCFQEDSMASTVLWTVFLGKVWQNSRWPGEVSFKVSRLLLHPYHEEDSHDYDVALLQLDHPVVRSAAVRPVCLPARSHFFEPGLHCWITGWGALREGGPISNALQKVDVQLIPQDLCSEVYRYQVTPRMLCAGYRKGKKDACQGDSGGPLVCKALSGRWFLAGLVSWGLGCGRPNYFGVYTRITGVISWIQQVVT
>TMPS6_MOUSE,269,269,0,0,0
MPRCFQLPCSTRMPTTEVPQAADGQGDAGDGEEAAEPEGKFKPPKNTKRKNRDYVRFTPLLLVLAALVSAGVMLWYFLGYKAEVTVSQVYSGSLRVLNRHFSQDLGRRESIAFRSESAKAQKMLQELVASTRLGTYYNSSSVYSFGEGPLTCFFWFILDIPEYQRLTLSPEVVRELLVDELLSNSSTLASYKTEYEVDPEGLVILEASVNDIVVLNSTLGCYRYSYVNPGQVLPLKGPDQQTTSCLWHLQGPEDLMIKVRLEWTRVDCRDRVAMYDAAGPLEKRLITSVYGCSRQEPVMEVLASGSVMAVVWKKGMHSYYDPFLLSVKSVAFQDCQVNLTLEGRLDTQGFLRTPYYPSYYSPSTHCSWHLTVPSLDYGLALWFDAYALRRQKYNRLCTQGQWMIQNRRLCGFRTLQPYAERIPMVASDGVTINFTSQISLTGPGVQVYYSLYNQSDPCPGEFLCSVNGLCVPACDGIKDCPNGLDERNCVCRAMFQCQEDSTCISLPRVCDRQPDCLNGSDEEQCQEGVPCGTFTFQCEDRSCVKKPNPECDGQSDCRDGSDEQHCDCGLQGLSSRIVGGTVSSEGEWPWQASLQIRGRHICGGALIADRWVITAAHCFQEDSMASPKLWTVFLGKMRQNSRWPGEVSFKVSRLFLHPYHEEDSHDYDVALLQLDHPVVYSATVRPVCLPARSHFFEPGQHCWITGWGAQREGGPVSNTLQKVDVQLVPQDLCSEAYRYQVSPRMLCAGYRKGKKDACQGDSGGPLVCREPSGRWFLAGLVSWGLGCGRPNFFGVYTRVTRVINWIQQVLT
>TMPS7_MOUSE,269,269,0,0,0
MDKEKSDPSCKSSDLKISNISIQVVSVPGKLPGRRPPRKPIGKPRPRKQPKKRAPFWNVQNKIILFTVFLFILAVTAWTLLWLYISKTESKDAFYFVGMFRITNIEFLPEYRQKESREFLSMAKTVQQVVNLVYTTSAFSKFYKQSVVADVSSNNKGGLLVHFWIVFVMPHAKGHIFCEECVAAILKDSIQTSIINRTSVGSLQGLAVDMDSVVLNAGLRSDYSSAVGSDNGCSRYLYADHLTLRYPLEISATSGQLMCHFKLVAIVGYLIRLSIESIQLEADNCITDSLTVYDSLLPIRSAILYRICEPTRTLMSFVSTNNLMLVILKSPYVRRLAGIRAYFEVIPEQKCESTILVKEINSFEGKISSPYYPSYYPPKCKCTWTFQTSLSTLGIALKFYNYSITKKSAKGCEHGWWEINEHMYCGSYMDHETIFRVPSPLVHIQLQCSSRLSDKPLLVEYGGYNISQPCPAGSFRCSSGLCVPQAQRCDGVNDCFDESDELFCVTVKPACNSSSFRQHGPLVCDGFRDCEDGQDEQNCTRSIPCTSRTFKCGNDICFRKQNAQCDGIVDCPDGSDEEGCGCSRSSSFLHRIVGGSDSQEGTWPWQVSLHFVGSAYCGASVISREWLLSAAHCFHGNRLSDPTPWTAHLGMYVQGNAKFISPVRRIVVHEYYNSQTFDYDIALLQLSIAWPETLKQLIQPICIPPAGQKVRSGEKCWVTGWGRRHEADSKGSPVLQQAEVELIDQTVCVSTYGIITSRMLCAGVMSGKSDACKGDSGGPLSCRRKSDGKWILTGIVSWGHGCGRPNFPGVYTRVSSFVPWIHKYVPSLL
>TMPS9_HUMAN,269,269,0,0,0
MEPTVADVHLVPRTTKEVPALDAACCRAASIGVVATSLVVLTLGVLLAFLSTQGFHVDHTAELRGIRWTSSLRRETSDYHRTLTPTLEALLHFLLRPLQTLSLGLEEELLQRGIRARLREHGISLAAYGTIVSAELTGRHKGPLAERDFKSGRCPGNSFSCGNSQCVTKVNPECDDQEDCSDGSDEAHCECGLQPAWRMAGRIVGGMEASPGEFPWQASLRENKEHFCGAAIINARWLVSAAHCFNEFQDPTKWVAYVGATYLSGSEASTVRAQVVQIVKHPLYNADTADFDVAVLELTSPLPFGRHIQPVCLPAATHIFPPSKKCLISGWGYLKEDFLVKPEVLQKATVELLDQALCASLYGHSLTDRMVCAGYLDGKVDSCQGDSGGPLVCEEPSGRFFLAGIVSWGIGCAEARRPGVYARVTRLRDWILEATTKASMPLAPTMAPAPAAPSTAWPTSPESPVVSTPTKSMQALSTVPLDWVTVPKLQECGARPAMEKPTRVVGGFGAASGEVPWQVSLKEGSRHFCGATVVGDRWLLSAAHCFNHTKVEQVRAHLGTASLLGLGGSPVKIGLRRVVLHPLYNPGILDFDLAVLELASPLAFNKYIQPVCLPLAIQKFPVGRKCMISGWGNTQEGNATKPELLQKASVGIIDQKTCSVLYNFSLTDRMICAGFLEGKVDSCQGDSGGPLACEEAPGVFYLAGIVSWGIGCAQVKKPGVYTRITRLKGWILEIMSSQPLPMSPPSTTRMLATTSPRTTAGLTVPGATPSRPTPGAASRVTGQPANSTLSAVSTTARGQTPFPDAPEATTHTQLPDCGLAPAALTRIVGGSAAGRGEWPWQVSLWLRRREHRCGAVLVAERWLLSAAHCFDVYGDPKQWAAFLGTPFLSGAEGQLERVARIYKHPFYNLYTLDYDVALLELAGPVRRSRLVRPICLPEPAPRPPDGTRCVITGWGSVREGGSMARQLQKAAVRLLSEQTCRRFYPVQISSRMLCAGFPQGGVDSCSGDAGGPLACREPSGRWVLTGVTSWGYGCGRPHFPGVYTRVAAVRGWIGQHIQE
>TNF10_HUMAN,305,269,0,0,1
MAMMEVQGGPSLGQTCVLIVIFTVLLQSLCVAVTYVYFTNELKQMQDKYSKSGIACFLKEDDSYWDPNDEESMNSPCWQVKWQLRQLVRKMILRTSEETISTVQEKQQNISPLVRERGPQRVAAHITGTRGRSNTLSSPNSKNEKALGRKINSWESSRSGHSFLSNLHLRNGELVIHEKGFYYIYSQTYFRFQEEIKENTKNDKQMVQYIYKYTSYPDPILLMKSARNSCWSKDAEYGLYSIYQGGIFELKENDRIFVSVTNEHLIDMDHEASFFGAFLVG
>TNF18_HUMAN,269,269,0,0,1
MTLHPSPITCEFLFSTALISPKMCLSHLENMPLSHSRTQGAQRSSWKLWLFCSIVMLLFLCSFSWLIFIFLQLETAKEPCMAKFGPLPSKWQMASSEPPCVNKVSDWKLEILQNGLYLIYGQVAPNANYNDVAPFEVRLYKNKDMIQTLTNKSKIQNVGGTYELHVGDTIDLIFNSEHQVLKNNTYWGIILLANPQFIS
>TNF18_MOUSE,269,269,0,0,1
MEEMPLRESSPQRAERCKKSWLLCIVALLLMLLCSLGTLIYTSLKPTAIESCMVKFELSSSKWHMTSPKPHCVNTTSDGKLKILQSGTYLIYGQVIPVDKKYIKDNAPFVVQIYKKNDVLQTLMNDFQILPIGGVYELHAGDNIYLKFNSKDHIQKTNTYWGIILMPDLPFIS
>TRDN_HUMAN,269,269,0,0,0
MTEITAEGNASTTTTVIDSKNGSVPKSPGKVLKRTVTEDIVTTFSSPAAWLLVIALIITWSAVAIVMFDLVDYKNFSASSIAKIGSDPLKLVRDAMEETTDWIYGFFSLLSDIISSEDEEDDDGDEDTDKGEIDEPPLRKKEIHKDKTEKQEKPERKIQTKVTHKEKEKGKEKVREKEKPEKKATHKEKIEKKEKPETKTLAKEQKKAKTAEKSEEKTKKEVKGGKQEKVKQTAAKVKEVQKTPSKPKEKEDKEKAAVSKHEQKDQYAFCRYMIDIFVHGDLKPGQSPAIPPPLPTEQASRPTPASPALEEKEGEKKKAEKKVTSETKKKEKEDIKKKSEKETAIDVEKKEPGKASETKQGTVKIAAQAAAKKDEKKEDSKKTKKPAEVEQPKGKKQEKKEKHVEPAKSPKKEHSVPSDKQVKAKTERAKEEIGAVSIKKAVPGKKEEKTTKTVEQEIRKEKSGKTSSILKDKEPIKGKEEKVPASLKEKEPETKKDEKMSKAGKEVKPKPPQLQGKKEEKPEPQIKKEAKPAISEKVQIHKQDIVKPEKTVSHGKPEEKVLKQVKAVTIEKTAKPKPTKKAEHREREPPSIKTDKPKPTPKGTSEVTESGKKKTEISEKESKEKADMKHLREEKVSTRKESLQLHNVTKAEKPARVSKDVEDVPASKKAKEGTEDVSPTKQKSPISFFQCVYLDGYNGYGFQFPFTPADRPGESSGQANSPGQKQQGQ
>TRDN_RAT,250,269,0,0,0
MTEITAEGNASITTTVIDNKNGSVPKSPGKVLKRTVTEDIVTTFSSPAAWLLVIALIITWSAVAIVMFDLVDYKNFSASSIAKIGSDPLKLVNDAVEETTDWIYGFFSLLSDIISSDGDEDDEDADEDIDKGEIEEPPLKRKEIQKEKAEKQEKPEKKIQTKVSHREKEKGKEKLKGEKPEKKATHKEKLEKKERTETKMAAKEDKKIKTKEKTEEKAKKEMKVGKQEKAKPAAAKAKETPKTTPKAREKDDKETPAVPKHEQKDQYAFCRYMIDMFVHGDLKPGQSPAVPPPSLTASRPALSTPSLEEKEKEEKKKVEKKVTSDTKKKEKGEAKKKSEKETVIDGKGKEPGKPPETKQTTTKLTTQAAATKDEKKEDSKKMKKPPEEKPKGKKQEKKEKHIEPAKTPKKEHPAPSEKHRKAKAEQAKEEIAPASTKKALHGKKEEKAKTVEQGKDVKPKLPQPQLKKEEKSEPQPKKEVKLETQLKKEEKSEPQVKKEAKLASSEKGQTRKQNITRPEQVIPHGKPEQKVPKQIKAITAEKTEKAERQEKYHPSIKTEGKPEVTDSGKKKIEKPEKESKVPPKQENLQVRNVTRAEKRGKISKDSKDAPAPKKDKDSKDVLHSKKDKEVTNNVSSPKKQKSPISFFQCVYLDGYNGYGFQFPVTPVQHSGENPGKSNSPGQKQQEQ
